time_ns,trackID,scan_index,track_lat_rate_m_per_s,track_group_changed,track_oncoming,track_status,track_angle_rad,track_range_m,track_bridge_object,track_rolling_count,track_width_m,track_range_accel_m_per_s2,track_med_range_mode,track_range_rate_m_per_s
1619075840436622080,57,0,0.000000,0,0,0,-0.000000,0.000000,0,0,0.000000,0.000000,0,81.910004
1619075840436872960,58,0,0.000000,0,0,1,0.207694,18.400000,0,0,0.000000,0.000000,1,-8.730000
1619075840437123072,59,0,0.000000,0,0,0,-0.000000,0.000000,0,0,0.000000,0.000000,0,81.910004
1619075840437371904,60,0,1.000000,0,1,3,0.040143,43.400002,0,0,0.000000,0.000000,2,-8.840000
1619075840437632000,61,0,0.250000,0,1,3,0.389208,10.300000,0,0,0.000000,-0.050000,3,-8.710000
1619075840437871104,62,0,0.000000,0,0,0,-0.000000,0.000000,0,0,0.000000,0.000000,0,81.910004
1619075840438145024,63,0,0.000000,0,0,1,0.132645,27.900000,0,0,0.000000,0.000000,1,-8.780000
1619075840470619904,0,0,0.000000,0,0,1,-0.616101,16.500000,0,0,0.000000,0.000000,1,30.850000
1619075840470899968,1,0,0.000000,0,0,1,-0.197222,38.299999,0,0,0.000000,0.000000,1,-8.660000
1619075840471149056,2,0,0.000000,0,0,0,-0.000000,0.000000,0,0,0.000000,0.000000,0,81.910004
1619075840471397120,3,0,6.250000,0,1,4,-0.790634,10.400000,0,0,0.000000,0.100000,0,-7.300000
1619075840472402944,4,0,0.000000,0,0,1,-0.582940,17.100000,0,0,0.000000,0.000000,1,-7.150000
1619075840472644096,5,0,0.000000,0,0,0,-0.000000,0.000000,0,0,0.000000,0.000000,0,81.910004
1619075840472902912,6,0,0.000000,0,0,0,-0.000000,0.000000,0,0,0.000000,0.000000,0,81.910004
1619075840473150976,7,0,0.000000,0,0,0,-0.000000,0.000000,0,0,0.000000,0.000000,0,81.910004
1619075840473399040,8,0,0.000000,0,0,0,-0.000000,0.000000,0,0,0.000000,0.000000,0,81.910004
1619075840473646080,9,0,0.000000,0,0,0,-0.000000,0.000000,0,0,0.000000,0.000000,0,81.910004
1619075840473893888,10,0,0.000000,0,0,0,-0.000000,0.000000,0,0,0.000000,0.000000,0,81.910004
1619075840474141952,11,0,0.000000,0,0,0,-0.000000,0.000000,0,0,0.000000,0.000000,0,81.910004
1619075840474394880,12,0,0.000000,0,0,0,-0.000000,0.000000,0,0,0.000000,0.000000,0,81.910004
1619075840474643968,13,0,0.500000,0,1,3,0.656244,7.600000,0,0,0.000000,1.050000,1,-7.840000
1619075840474899968,14,0,-3.250000,0,1,3,-0.148353,85.300003,0,0,0.000000,-0.050000,2,-8.760000
1619075840475145984,15,0,0.000000,0,0,1,0.452040,17.400000,0,0,0.000000,0.000000,1,30.850000
1619075840475393024,16,0,0.000000,0,0,0,-0.000000,0.000000,0,0,0.000000,0.000000,0,81.910004
1619075840475682048,17,0,0.000000,0,0,0,-0.000000,0.000000,0,0,0.000000,0.000000,0,81.910004
1619075840475894016,18,0,0.000000,0,0,0,-0.000000,0.000000,0,0,0.000000,0.000000,0,81.910004
1619075840476144128,19,0,-3.500000,0,1,3,-0.382227,14.800000,0,0,0.000000,0.200000,1,-8.210000
1619075840476393984,20,0,1.000000,0,1,3,0.136136,22.200001,0,0,0.000000,-0.050000,1,-8.870000
1619075840476644096,21,0,0.000000,0,0,0,-0.000000,0.000000,0,0,0.000000,0.000000,0,81.910004
1619075840476897024,22,0,0.000000,0,0,0,-0.000000,0.000000,0,0,0.000000,0.000000,0,81.910004
1619075840477149952,23,0,0.000000,0,0,1,0.111701,110.300003,0,0,0.000000,0.000000,2,-8.800000
1619075840477393920,24,0,0.000000,0,0,1,-0.027925,66.699997,0,0,0.000000,0.000000,2,-8.840000
1619075840477640960,25,0,0.000000,0,0,0,-0.000000,0.000000,0,0,0.000000,0.000000,0,81.910004
1619075840477905920,26,0,-5.000000,0,1,3,-0.219911,27.299999,0,0,0.000000,0.000000,1,-8.620000
1619075840478146048,27,0,0.000000,0,0,1,0.350811,18.100000,0,0,0.000000,0.000000,1,11.410000
1619075840478392064,28,0,0.000000,0,0,0,-0.000000,0.000000,0,0,0.000000,0.000000,0,81.910004
1619075840478643968,29,0,0.000000,0,0,0,-0.000000,0.000000,0,0,0.000000,0.000000,0,81.910004
1619075840478893056,30,0,0.000000,0,0,0,-0.000000,0.000000,0,0,0.000000,0.000000,0,81.910004
1619075840479142912,31,0,0.000000,0,0,0,-0.000000,0.000000,0,0,0.000000,0.000000,0,81.910004
1619075840479392000,32,0,0.000000,0,0,0,-0.000000,0.000000,0,0,0.000000,0.000000,0,81.910004
1619075840479643904,33,0,-2.750000,0,1,3,-0.677188,14.500000,0,0,0.000000,1.750000,1,-6.620000
1619075840479897088,34,0,0.750000,0,0,3,-0.083776,33.599998,0,0,0.000000,0.150000,3,0.450000
1619075840480143104,35,0,0.000000,0,0,0,-0.000000,0.000000,0,0,0.000000,0.000000,0,81.910004
1619075840480393984,36,0,0.000000,0,0,0,-0.000000,0.000000,0,0,0.000000,0.000000,0,81.910004
1619075840480642048,37,0,0.000000,0,0,0,-0.000000,0.000000,0,0,0.000000,0.000000,0,81.910004
1619075840480899072,38,0,0.000000,0,0,0,-0.000000,0.000000,0,0,0.000000,0.000000,0,81.910004
1619075840481146112,39,0,0.000000,0,0,0,-0.000000,0.000000,0,0,0.000000,0.000000,0,81.910004
1619075840481399040,40,0,0.000000,0,0,0,-0.000000,0.000000,0,0,0.000000,0.000000,0,81.910004
1619075840481641984,41,0,0.000000,0,0,0,-0.000000,0.000000,0,0,0.000000,0.000000,0,81.910004
1619075840481893888,42,0,0.000000,0,0,0,-0.000000,0.000000,0,0,0.000000,0.000000,0,81.910004
1619075840482148096,43,0,0.000000,0,0,0,-0.000000,0.000000,0,0,0.000000,0.000000,0,81.910004
1619075840482400000,44,0,-1.500000,0,1,4,0.020944,56.700001,0,0,0.000000,-0.050000,0,-8.870000
1619075840482643968,45,0,0.000000,0,0,0,-0.000000,0.000000,0,0,0.000000,0.000000,0,81.910004
1619075840482894080,46,0,0.000000,0,0,0,-0.000000,0.000000,0,0,0.000000,0.000000,0,81.910004
1619075840483147008,47,0,0.000000,0,0,0,-0.000000,0.000000,0,0,0.000000,0.000000,0,81.910004
1619075840483399936,48,0,0.000000,0,0,0,-0.000000,0.000000,0,0,0.000000,0.000000,0,81.910004
1619075840483642880,49,0,0.000000,0,0,0,-0.000000,0.000000,0,0,0.000000,0.000000,0,81.910004
1619075840483897088,50,0,0.000000,0,0,0,-0.000000,0.000000,0,0,0.000000,0.000000,0,81.910004
1619075840484144128,51,0,0.000000,0,0,0,-0.000000,0.000000,0,0,0.000000,0.000000,0,81.910004
1619075840485400064,52,0,0.000000,0,0,0,-0.000000,0.000000,0,0,0.000000,0.000000,0,81.910004
1619075840485645056,53,0,0.000000,0,0,0,-0.000000,0.000000,0,0,0.000000,0.000000,0,81.910004
1619075840485895936,54,0,-5.000000,0,1,3,-0.015708,72.300003,0,0,0.000000,-0.050000,2,-8.870000
1619075840486148096,55,0,0.000000,0,0,0,-0.000000,0.000000,0,0,0.000000,0.000000,0,81.910004
1619075840486394112,56,0,-0.750000,0,1,7,-0.502655,54.200001,0,0,0.000000,0.000000,0,-7.690000
1619075840486643968,57,0,0.000000,0,0,0,-0.000000,0.000000,0,0,0.000000,0.000000,0,81.910004
1619075840486893056,58,0,2.000000,0,1,2,0.235619,17.700001,0,0,0.000000,0.000000,1,-8.740000
1619075840487142912,59,0,0.000000,0,0,1,0.298451,12.100000,0,0,0.000000,0.000000,1,11.470000
1619075840487399936,60,0,-0.500000,0,1,3,0.041888,43.000000,0,0,0.000000,0.000000,2,-8.840000
1619075840487651072,61,0,0.250000,0,1,3,0.408407,10.000000,0,0,0.000000,0.000000,3,-8.690000
1619075840487898112,62,0,0.000000,0,0,0,-0.000000,0.000000,0,0,0.000000,0.000000,0,81.910004
1619075840488146944,63,0,0.000000,0,0,0,-0.000000,0.000000,0,0,0.000000,0.000000,0,81.910004
1619075840520641024,0,0,0.000000,0,0,0,-0.000000,0.000000,0,0,0.000000,0.000000,0,81.910004
1619075840520911104,1,0,0.000000,0,0,0,-0.000000,0.000000,0,0,0.000000,0.000000,0,81.910004
1619075840521146112,2,0,0.000000,0,0,0,-0.000000,0.000000,0,0,0.000000,0.000000,0,81.910004
1619075840521146112,3,0,7.750000,0,1,3,-0.891863,10.000000,0,0,0.000000,-0.350000,1,-7.450000
1619075840522392064,4,0,-2.000000,0,1,2,-0.631809,16.500000,0,0,0.000000,-0.050000,1,-7.290000
1619075840522642944,5,0,0.000000,0,0,0,-0.000000,0.000000,0,0,0.000000,0.000000,0,81.910004
1619075840522893056,6,0,0.000000,0,0,1,-0.162316,61.400002,0,0,0.000000,0.000000,2,-8.730000
1619075840523141888,7,0,0.000000,0,0,0,-0.000000,0.000000,0,0,0.000000,0.000000,0,81.910004
1619075840523394048,8,0,0.000000,0,0,0,-0.000000,0.000000,0,0,0.000000,0.000000,0,81.910004
1619075840523653120,9,0,0.000000,0,0,0,-0.000000,0.000000,0,0,0.000000,0.000000,0,81.910004
1619075840523892992,10,0,0.000000,0,0,0,-0.000000,0.000000,0,0,0.000000,0.000000,0,81.910004
1619075840524146944,11,0,0.000000,0,0,0,-0.000000,0.000000,0,0,0.000000,0.000000,0,81.910004
1619075840524392960,12,0,0.000000,0,0,0,-0.000000,0.000000,0,0,0.000000,0.000000,0,81.910004
1619075840524643072,13,0,0.500000,0,1,3,0.703368,7.300000,0,0,0.000000,1.100000,1,-7.770000
1619075840524893952,14,0,-3.000000,0,1,3,-0.150098,84.900002,0,0,0.000000,-0.050000,2,-8.770000
1619075840525146112,15,0,0.000000,0,0,0,-0.000000,0.000000,0,0,0.000000,0.000000,0,81.910004
1619075840525393920,16,0,0.000000,0,0,1,-0.568977,11.200000,0,0,0.000000,0.000000,1,-42.680000
1619075840525644032,17,0,0.000000,0,0,1,0.438078,16.400000,0,0,0.000000,0.000000,1,-7.670000
1619075840525893888,18,0,0.000000,0,0,0,-0.000000,0.000000,0,0,0.000000,0.000000,0,81.910004
1619075840526144000,19,0,-3.750000,0,1,3,-0.397935,14.400000,0,0,0.000000,0.300000,1,-8.200000
1619075840526393088,20,0,1.000000,0,1,4,0.139626,21.799999,0,0,0.000000,-0.050000,0,-8.880000
1619075840526644992,21,0,0.000000,0,0,0,-0.000000,0.000000,0,0,0.000000,0.000000,0,81.910004
1619075840526894080,22,0,0.000000,0,0,0,-0.000000,0.000000,0,0,0.000000,0.000000,0,81.910004
1619075840527143936,23,0,0.000000,0,0,0,-0.000000,0.000000,0,0,0.000000,0.000000,0,81.910004
1619075840527392000,24,0,-0.250000,0,1,2,-0.026180,66.099998,0,0,0.000000,0.000000,2,-8.840000
1619075840527642880,25,0,0.000000,0,0,0,-0.000000,0.000000,0,0,0.000000,0.000000,0,81.910004
1619075840527891968,26,0,-5.000000,0,1,3,-0.228638,26.500000,0,0,0.000000,0.050000,1,-8.590000
1619075840528146944,27,0,0.000000,0,0,0,-0.000000,0.000000,0,0,0.000000,0.000000,0,81.910004
1619075840528392960,28,0,0.000000,0,0,0,-0.000000,0.000000,0,0,0.000000,0.000000,0,81.910004
1619075840528645120,29,0,0.000000,0,0,1,0.438078,16.400000,0,0,0.000000,0.000000,1,-7.670000
1619075840528893952,30,0,0.000000,0,0,1,-0.588176,16.700001,0,0,0.000000,0.000000,1,-7.030000
1619075840529144064,31,0,0.000000,0,0,0,-0.000000,0.000000,0,0,0.000000,0.000000,0,81.910004
1619075840529392128,32,0,0.000000,0,0,0,-0.000000,0.000000,0,0,0.000000,0.000000,0,81.910004
1619075840529649920,33,0,-2.250000,0,1,3,-0.691150,14.200000,0,0,0.000000,1.850000,1,-6.500000
1619075840529894912,34,0,0.750000,0,0,3,-0.087266,33.700001,0,0,0.000000,0.150000,3,0.450000
1619075840530144000,35,0,0.000000,0,0,0,-0.000000,0.000000,0,0,0.000000,0.000000,0,81.910004
1619075840530401024,36,0,0.000000,0,0,0,-0.000000,0.000000,0,0,0.000000,0.000000,0,81.910004
1619075840530643968,37,0,0.000000,0,0,0,-0.000000,0.000000,0,0,0.000000,0.000000,0,81.910004
1619075840530895104,38,0,0.000000,0,0,0,-0.000000,0.000000,0,0,0.000000,0.000000,0,81.910004
1619075840531169024,39,0,0.000000,0,0,0,-0.000000,0.000000,0,0,0.000000,0.000000,0,81.910004
1619075840531397120,40,0,0.000000,0,0,0,-0.000000,0.000000,0,0,0.000000,0.000000,0,81.910004
1619075840531642880,41,0,0.000000,0,0,0,-0.000000,0.000000,0,0,0.000000,0.000000,0,81.910004
1619075840531892992,42,0,0.000000,0,0,0,-0.000000,0.000000,0,0,0.000000,0.000000,0,81.910004
1619075840532166912,43,0,0.000000,0,0,0,-0.000000,0.000000,0,0,0.000000,0.000000,0,81.910004
1619075840533391872,44,0,-1.500000,0,1,4,0.020944,56.299999,0,0,0.000000,-0.050000,0,-8.890000
1619075840533643008,45,0,0.000000,0,0,0,-0.000000,0.000000,0,0,0.000000,0.000000,0,81.910004
1619075840533893888,46,0,0.000000,0,0,0,-0.000000,0.000000,0,0,0.000000,0.000000,0,81.910004
1619075840534147072,47,0,0.000000,0,0,0,-0.000000,0.000000,0,0,0.000000,0.000000,0,81.910004
1619075840534392064,48,0,0.000000,0,0,0,-0.000000,0.000000,0,0,0.000000,0.000000,0,81.910004
1619075840534642944,49,0,0.000000,0,0,0,-0.000000,0.000000,0,0,0.000000,0.000000,0,81.910004
1619075840534895104,50,0,0.000000,0,0,0,-0.000000,0.000000,0,0,0.000000,0.000000,0,81.910004
1619075840535142912,51,0,0.000000,0,0,0,-0.000000,0.000000,0,0,0.000000,0.000000,0,81.910004
1619075840535394048,52,0,0.000000,0,0,0,-0.000000,0.000000,0,0,0.000000,0.000000,0,81.910004
1619075840535644928,53,0,0.000000,0,0,0,-0.000000,0.000000,0,0,0.000000,0.000000,0,81.910004
1619075840535894016,54,0,-5.000000,0,1,4,-0.015708,71.900002,0,0,0.000000,-0.050000,0,-8.890000
1619075840536143872,55,0,0.000000,0,0,0,-0.000000,0.000000,0,0,0.000000,0.000000,0,81.910004
1619075840536391936,56,0,0.000000,0,0,0,-0.000000,0.000000,0,0,0.000000,0.000000,0,81.910004
1619075840536643072,57,0,0.000000,0,0,0,-0.000000,0.000000,0,0,0.000000,0.000000,0,81.910004
1619075840536894976,58,0,3.250000,0,1,2,0.225147,17.000000,0,0,0.000000,0.050000,1,-8.580000
1619075840537145088,59,0,0.000000,0,0,0,-0.000000,0.000000,0,0,0.000000,0.000000,0,81.910004
1619075840537394944,60,0,-1.750000,0,1,3,0.041888,42.500000,0,0,0.000000,0.000000,2,-8.840000
1619075840537644032,61,0,0.250000,0,1,3,0.392699,9.500000,0,0,0.000000,0.000000,3,-8.670000
1619075840537903104,62,0,0.000000,0,0,0,-0.000000,0.000000,0,0,0.000000,0.000000,0,81.910004
1619075840538171904,63,0,0.000000,0,0,0,-0.000000,0.000000,0,0,0.000000,0.000000,0,81.910004
1619075840570690048,0,0,0.000000,0,0,0,-0.000000,0.000000,0,0,0.000000,0.000000,0,81.910004
1619075840570900992,1,0,0.000000,0,0,0,-0.000000,0.000000,0,0,0.000000,0.000000,0,81.910004
1619075840571169024,2,0,0.000000,0,0,0,-0.000000,0.000000,0,0,0.000000,0.000000,0,81.910004
1619075840571394048,3,0,0.000000,0,0,0,-0.000000,0.000000,0,0,0.000000,0.000000,0,81.910004
1619075840572417024,4,0,-2.000000,0,1,7,-0.649262,16.100000,0,0,0.000000,-0.050000,0,-7.300000
1619075840572665088,5,0,0.000000,0,0,0,-0.000000,0.000000,0,0,0.000000,0.000000,0,81.910004
1619075840572915968,6,0,0.000000,0,0,0,-0.000000,0.000000,0,0,0.000000,0.000000,0,81.910004
1619075840573167104,7,0,0.000000,0,0,1,0.246091,17.400000,0,0,0.000000,0.000000,1,29.879999
1619075840573415936,8,0,0.000000,0,0,0,-0.000000,0.000000,0,0,0.000000,0.000000,0,81.910004
1619075840573666048,9,0,0.000000,0,0,1,0.059341,30.100000,0,0,0.000000,0.000000,1,-8.820000
1619075840573894912,10,0,0.000000,0,0,0,-0.000000,0.000000,0,0,0.000000,0.000000,0,81.910004
1619075840574164992,11,0,0.000000,0,0,0,-0.000000,0.000000,0,0,0.000000,0.000000,0,81.910004
1619075840574396928,12,0,0.000000,0,0,0,-0.000000,0.000000,0,0,0.000000,0.000000,0,81.910004
1619075840574641920,13,0,0.500000,0,1,3,0.755728,6.900000,0,0,0.000000,1.150000,1,-7.680000
1619075840574921984,14,0,-3.000000,0,1,3,-0.150098,84.400002,0,0,0.000000,-0.050000,2,-8.790000
1619075840575168000,15,0,0.000000,0,0,0,-0.000000,0.000000,0,0,0.000000,0.000000,0,81.910004
1619075840575418880,16,0,0.000000,0,0,0,-0.000000,0.000000,0,0,0.000000,0.000000,0,81.910004
1619075840575668992,17,0,0.000000,0,0,0,-0.000000,0.000000,0,0,0.000000,0.000000,0,81.910004
1619075840575919104,18,0,0.000000,0,0,0,-0.000000,0.000000,0,0,0.000000,0.000000,0,81.910004
1619075840576167936,19,0,-3.750000,0,1,4,-0.408407,14.000000,0,0,0.000000,0.300000,0,-8.190000
1619075840576421120,20,0,2.000000,0,1,3,0.143117,21.400000,0,0,0.000000,-0.050000,3,-8.900000
1619075840576673024,21,0,0.000000,0,0,0,-0.000000,0.000000,0,0,0.000000,0.000000,0,81.910004
1619075840576901120,22,0,0.000000,0,0,0,-0.000000,0.000000,0,0,0.000000,0.000000,0,81.910004
1619075840577172992,23,0,0.000000,0,0,0,-0.000000,0.000000,0,0,0.000000,0.000000,0,81.910004
1619075840577415936,24,0,-0.750000,0,1,2,-0.026180,65.400002,0,0,0.000000,0.000000,2,-8.850000
1619075840577684992,25,0,0.000000,0,0,0,-0.000000,0.000000,0,0,0.000000,0.000000,0,81.910004
1619075840577915904,26,0,-5.000000,0,1,4,-0.232129,26.100000,0,0,0.000000,0.050000,0,-8.590000
1619075840578167040,27,0,0.000000,0,0,0,-0.000000,0.000000,0,0,0.000000,0.000000,0,81.910004
1619075840578416896,28,0,0.000000,0,0,0,-0.000000,0.000000,0,0,0.000000,0.000000,0,81.910004
1619075840578670080,29,0,1.000000,0,1,2,0.495674,16.000000,0,0,0.000000,0.000000,1,-7.660000
1619075840578921984,30,0,0.000000,0,0,0,-0.000000,0.000000,0,0,0.000000,0.000000,0,81.910004
1619075840579168000,31,0,0.000000,0,0,0,-0.000000,0.000000,0,0,0.000000,0.000000,0,81.910004
1619075840579426048,32,0,0.000000,0,0,1,-0.061087,107.500000,0,0,0.000000,0.000000,2,-8.840000
1619075840579706880,33,0,-1.250000,0,1,3,-0.710349,13.800000,0,0,0.000000,1.900000,1,-6.390000
1619075840579902976,34,0,0.750000,0,0,3,-0.089012,33.700001,0,0,0.000000,0.100000,3,0.440000
1619075840580169984,35,0,0.000000,0,0,1,0.418879,10.100000,0,0,0.000000,0.000000,1,-7.370000
1619075840580454912,36,0,0.000000,0,0,1,0.445059,54.500000,0,0,0.000000,0.000000,1,-8.120000
1619075840580664064,37,0,0.000000,0,0,0,-0.000000,0.000000,0,0,0.000000,0.000000,0,81.910004
1619075840580929024,38,0,0.000000,0,0,0,-0.000000,0.000000,0,0,0.000000,0.000000,0,81.910004
1619075840581163008,39,0,0.000000,0,0,0,-0.000000,0.000000,0,0,0.000000,0.000000,0,81.910004
1619075840581413888,40,0,0.000000,0,0,0,-0.000000,0.000000,0,0,0.000000,0.000000,0,81.910004
1619075840581669120,41,0,0.000000,0,0,0,-0.000000,0.000000,0,0,0.000000,0.000000,0,81.910004
1619075840581914880,42,0,0.000000,0,0,0,-0.000000,0.000000,0,0,0.000000,0.000000,0,81.910004
1619075840582168064,43,0,0.000000,0,0,1,0.448550,11.100000,0,0,0.000000,0.000000,1,-7.660000
1619075840582413056,44,0,1.500000,0,1,3,0.019199,55.900002,0,0,0.000000,0.000000,2,-8.890000
1619075840582663936,45,0,0.000000,0,0,1,-0.003491,33.799999,0,0,0.000000,0.000000,1,0.430000
1619075840582912000,46,0,0.000000,0,0,0,-0.000000,0.000000,0,0,0.000000,0.000000,0,81.910004
1619075840583163904,47,0,0.000000,0,0,0,-0.000000,0.000000,0,0,0.000000,0.000000,0,81.910004
1619075840583411968,48,0,0.000000,0,0,0,-0.000000,0.000000,0,0,0.000000,0.000000,0,81.910004
1619075840583664896,49,0,0.000000,0,0,0,-0.000000,0.000000,0,0,0.000000,0.000000,0,81.910004
1619075840583915008,50,0,0.000000,0,0,1,-0.640536,10.500000,0,0,0.000000,0.000000,1,-6.310000
1619075840584194048,51,0,0.000000,0,0,0,-0.000000,0.000000,0,0,0.000000,0.000000,0,81.910004
1619075840584413952,52,0,0.000000,0,0,0,-0.000000,0.000000,0,0,0.000000,0.000000,0,81.910004
1619075840584669952,53,0,0.000000,0,0,0,-0.000000,0.000000,0,0,0.000000,0.000000,0,81.910004
1619075840584913920,54,0,-5.000000,0,1,4,-0.017453,71.400002,0,0,0.000000,-0.050000,0,-8.910000
1619075840585200128,55,0,0.000000,0,0,0,-0.000000,0.000000,0,0,0.000000,0.000000,0,81.910004
1619075840585415936,56,0,0.000000,0,0,0,-0.000000,0.000000,0,0,0.000000,0.000000,0,81.910004
1619075840585691904,57,0,0.000000,0,0,0,-0.000000,0.000000,0,0,0.000000,0.000000,0,81.910004
1619075840585945088,58,0,7.750000,0,1,3,0.211185,16.299999,0,0,0.000000,0.150000,1,-8.430000
1619075840586163968,59,0,0.000000,0,0,0,-0.000000,0.000000,0,0,0.000000,0.000000,0,81.910004
1619075840586414080,60,0,-1.750000,0,1,3,0.043633,42.000000,0,0,0.000000,0.000000,2,-8.840000
1619075840586663936,61,0,0.250000,0,1,3,0.415388,9.100000,0,0,0.000000,0.050000,3,-8.660000
1619075840586914048,62,0,0.000000,0,0,0,-0.000000,0.000000,0,0,0.000000,0.000000,0,81.910004
1619075840587162880,63,0,0.000000,0,0,0,-0.000000,0.000000,0,0,0.000000,0.000000,0,81.910004
1619075840620417024,0,0,0.000000,0,0,0,-0.000000,0.000000,0,0,0.000000,0.000000,0,81.910004
1619075840620667904,1,0,0.000000,0,0,0,-0.000000,0.000000,0,0,0.000000,0.000000,0,81.910004
1619075840620914944,2,0,0.000000,0,0,0,-0.000000,0.000000,0,0,0.000000,0.000000,0,81.910004
1619075840621166080,3,0,0.000000,0,0,0,-0.000000,0.000000,0,0,0.000000,0.000000,0,81.910004
1619075840622417920,4,0,0.000000,0,0,0,-0.000000,0.000000,0,0,0.000000,0.000000,0,81.910004
1619075840622663936,5,0,0.000000,0,0,0,-0.000000,0.000000,0,0,0.000000,0.000000,0,81.910004
1619075840622914048,6,0,0.000000,0,0,0,-0.000000,0.000000,0,0,0.000000,0.000000,0,81.910004
1619075840623162112,7,0,0.000000,0,0,0,-0.000000,0.000000,0,0,0.000000,0.000000,0,81.910004
1619075840623414016,8,0,0.000000,0,0,0,-0.000000,0.000000,0,0,0.000000,0.000000,0,81.910004
1619075840623663104,9,0,0.000000,0,0,0,-0.000000,0.000000,0,0,0.000000,0.000000,0,81.910004
1619075840623910912,10,0,0.000000,0,0,0,-0.000000,0.000000,0,0,0.000000,0.000000,0,81.910004
1619075840624162048,11,0,0.000000,0,0,0,-0.000000,0.000000,0,0,0.000000,0.000000,0,81.910004
1619075840625413120,12,0,0.000000,0,0,1,-0.368264,14.100000,0,0,0.000000,0.000000,1,-8.050000
1619075840625662976,13,0,0.750000,0,1,3,0.745256,6.500000,0,0,0.000000,1.150000,1,-7.620000
1619075840625933056,14,0,-3.000000,0,1,3,-0.150098,84.000000,0,0,0.000000,0.000000,2,-8.790000
1619075840626162944,15,0,0.000000,0,0,0,-0.000000,0.000000,0,0,0.000000,0.000000,0,81.910004
1619075840626418944,16,0,0.000000,0,0,0,-0.000000,0.000000,0,0,0.000000,0.000000,0,81.910004
1619075840626669056,17,0,0.000000,0,0,0,-0.000000,0.000000,0,0,0.000000,0.000000,0,81.910004
1619075840626919936,18,0,0.000000,0,0,0,-0.000000,0.000000,0,0,0.000000,0.000000,0,81.910004
1619075840627164928,19,0,-3.000000,0,1,3,-0.425860,13.600000,0,0,0.000000,0.400000,1,-8.150000
1619075840627415040,20,0,1.250000,0,1,3,0.129154,20.900000,0,0,0.000000,0.000000,3,-8.890000
1619075840627662080,21,0,0.000000,0,0,0,-0.000000,0.000000,0,0,0.000000,0.000000,0,81.910004
1619075840627913984,22,0,0.000000,0,0,0,-0.000000,0.000000,0,0,0.000000,0.000000,0,81.910004
1619075840628161024,23,0,0.000000,0,0,0,-0.000000,0.000000,0,0,0.000000,0.000000,0,81.910004
1619075840628412928,24,0,-0.750000,0,1,7,-0.026180,65.000000,0,0,0.000000,0.000000,0,-8.850000
1619075840628668928,25,0,0.000000,0,0,0,-0.000000,0.000000,0,0,0.000000,0.000000,0,81.910004
1619075840628920064,26,0,-3.250000,0,1,3,-0.237365,25.700001,0,0,0.000000,0.050000,1,-8.600000
1619075840629169920,27,0,0.000000,0,0,0,-0.000000,0.000000,0,0,0.000000,0.000000,0,81.910004
1619075840629422080,28,0,0.000000,0,0,0,-0.000000,0.000000,0,0,0.000000,0.000000,0,81.910004
1619075840629669888,29,0,0.750000,0,1,2,0.506145,15.700000,0,0,0.000000,-0.050000,1,-7.700000
1619075840629920000,30,0,0.000000,0,0,0,-0.000000,0.000000,0,0,0.000000,0.000000,0,81.910004
1619075840630169088,31,0,0.000000,0,0,0,-0.000000,0.000000,0,0,0.000000,0.000000,0,81.910004
1619075840630419968,32,0,-0.500000,0,1,2,-0.059341,107.099998,0,0,0.000000,0.000000,2,-8.840000
1619075840630671104,33,0,-0.500000,0,1,3,-0.727802,13.500000,0,0,0.000000,1.450000,1,-6.460000
1619075840630918912,34,0,1.000000,0,0,3,-0.094248,33.700001,0,0,0.000000,0.100000,3,0.420000
1619075840631165952,35,0,0.250000,0,1,2,0.514872,9.800000,0,0,0.000000,-0.050000,1,-7.410000
1619075840631418112,36,0,1.000000,0,1,2,0.459022,53.900002,0,0,0.000000,0.000000,1,-8.100000
1619075840631674880,37,0,0.000000,0,0,1,0.291470,30.299999,0,0,0.000000,0.000000,1,-5.980000
1619075840631915008,38,0,0.000000,0,0,0,-0.000000,0.000000,0,0,0.000000,0.000000,0,81.910004
1619075840632168960,39,0,0.000000,0,0,0,-0.000000,0.000000,0,0,0.000000,0.000000,0,81.910004
1619075840632419072,40,0,0.000000,0,0,0,-0.000000,0.000000,0,0,0.000000,0.000000,0,81.910004
1619075840632664064,41,0,0.000000,0,0,1,0.357792,59.599998,0,0,0.000000,0.000000,1,-8.390000
1619075840632913920,42,0,0.000000,0,0,0,-0.000000,0.000000,0,0,0.000000,0.000000,0,81.910004
1619075840633164032,43,0,0.000000,0,0,0,-0.000000,0.000000,0,0,0.000000,0.000000,0,81.910004
1619075840633414912,44,0,4.000000,0,1,3,0.012217,55.400002,0,0,0.000000,0.000000,2,-8.890000
1619075840633665024,45,0,0.000000,0,0,0,-0.000000,0.000000,0,0,0.000000,0.000000,0,81.910004
1619075840633915904,46,0,0.000000,0,0,0,-0.000000,0.000000,0,0,0.000000,0.000000,0,81.910004
1619075840634166016,47,0,0.000000,0,0,0,-0.000000,0.000000,0,0,0.000000,0.000000,0,81.910004
1619075840634414080,48,0,0.000000,0,0,0,-0.000000,0.000000,0,0,0.000000,0.000000,0,81.910004
1619075840634665984,49,0,0.000000,0,0,0,-0.000000,0.000000,0,0,0.000000,0.000000,0,81.910004
1619075840634919936,50,0,0.000000,0,0,0,-0.000000,0.000000,0,0,0.000000,0.000000,0,81.910004
1619075840635168000,51,0,0.000000,0,0,0,-0.000000,0.000000,0,0,0.000000,0.000000,0,81.910004
1619075840635414016,52,0,0.000000,0,0,0,-0.000000,0.000000,0,0,0.000000,0.000000,0,81.910004
1619075840635662080,53,0,0.000000,0,0,0,-0.000000,0.000000,0,0,0.000000,0.000000,0,81.910004
1619075840635911936,54,0,-5.000000,0,1,4,-0.017453,71.000000,0,0,0.000000,-0.050000,0,-8.920000
1619075840636163072,55,0,0.000000,0,0,0,-0.000000,0.000000,0,0,0.000000,0.000000,0,81.910004
1619075840636412928,56,0,0.000000,0,0,0,-0.000000,0.000000,0,0,0.000000,0.000000,0,81.910004
1619075840636663040,57,0,0.000000,0,0,0,-0.000000,0.000000,0,0,0.000000,0.000000,0,81.910004
1619075840636916992,58,0,7.500000,0,1,3,0.221657,15.300000,0,0,0.000000,-0.300000,3,-8.590000
1619075840637166080,59,0,0.000000,0,0,0,-0.000000,0.000000,0,0,0.000000,0.000000,0,81.910004
1619075840637414912,60,0,0.000000,0,1,3,0.036652,41.599998,0,0,0.000000,0.000000,2,-8.840000
1619075840637665024,61,0,0.250000,0,1,3,0.446804,8.600000,0,0,0.000000,0.050000,1,-8.630000
1619075840637914112,62,0,0.000000,0,0,0,-0.000000,0.000000,0,0,0.000000,0.000000,0,81.910004
1619075840638164992,63,0,0.000000,0,0,0,-0.000000,0.000000,0,0,0.000000,0.000000,0,81.910004
1619075840670667008,0,0,0.000000,0,0,0,-0.000000,0.000000,0,0,0.000000,0.000000,0,81.910004
1619075840670916096,1,0,0.000000,0,0,0,-0.000000,0.000000,0,0,0.000000,0.000000,0,81.910004
1619075840671170048,2,0,0.000000,0,0,0,-0.000000,0.000000,0,0,0.000000,0.000000,0,81.910004
1619075840671418112,3,0,0.000000,0,0,0,-0.000000,0.000000,0,0,0.000000,0.000000,0,81.910004
1619075840672453120,4,0,0.000000,0,0,0,-0.000000,0.000000,0,0,0.000000,0.000000,0,81.910004
1619075840672674048,5,0,0.000000,0,0,0,-0.000000,0.000000,0,0,0.000000,0.000000,0,81.910004
1619075840672951040,6,0,0.000000,0,0,0,-0.000000,0.000000,0,0,0.000000,0.000000,0,81.910004
1619075840673201920,7,0,0.000000,0,0,0,-0.000000,0.000000,0,0,0.000000,0.000000,0,81.910004
1619075840673452032,8,0,0.000000,0,0,0,-0.000000,0.000000,0,0,0.000000,0.000000,0,81.910004
1619075840673705984,9,0,0.000000,0,0,0,-0.000000,0.000000,0,0,0.000000,0.000000,0,81.910004
1619075840673912064,10,0,0.000000,0,0,0,-0.000000,0.000000,0,0,0.000000,0.000000,0,81.910004
1619075840674199040,11,0,0.000000,0,0,0,-0.000000,0.000000,0,0,0.000000,0.000000,0,81.910004
1619075840674448896,12,0,3.000000,0,1,2,-0.488692,13.600000,0,0,0.000000,0.050000,1,-7.910000
1619075840674703104,13,0,0.500000,0,1,3,0.893609,6.300000,0,0,0.000000,1.300000,1,-7.440000
1619075840674950912,14,0,-2.750000,0,1,3,-0.150098,83.500000,0,0,0.000000,0.000000,2,-8.790000
1619075840675200000,15,0,0.000000,0,0,0,-0.000000,0.000000,0,0,0.000000,0.000000,0,81.910004
1619075840675450112,16,0,0.000000,0,0,0,-0.000000,0.000000,0,0,0.000000,0.000000,0,81.910004
1619075840675702016,17,0,0.000000,0,0,0,-0.000000,0.000000,0,0,0.000000,0.000000,0,81.910004
1619075840675950080,18,0,0.000000,0,0,0,-0.000000,0.000000,0,0,0.000000,0.000000,0,81.910004
1619075840676198912,19,0,-2.000000,0,1,3,-0.443314,13.200000,0,0,0.000000,0.450000,1,-8.120000
1619075840676502016,20,0,1.000000,0,1,3,0.136136,20.200001,0,0,0.000000,0.000000,3,-8.880000
1619075840676667904,21,0,0.000000,0,0,0,-0.000000,0.000000,0,0,0.000000,0.000000,0,81.910004
1619075840676947968,22,0,0.000000,0,0,0,-0.000000,0.000000,0,0,0.000000,0.000000,0,81.910004
1619075840677238016,23,0,0.000000,0,0,0,-0.000000,0.000000,0,0,0.000000,0.000000,0,81.910004
1619075840677476096,24,0,0.000000,0,0,0,-0.000000,0.000000,0,0,0.000000,0.000000,0,81.910004
1619075840677701120,25,0,0.000000,0,0,0,-0.000000,0.000000,0,0,0.000000,0.000000,0,81.910004
1619075840677949952,26,0,-1.750000,0,1,3,-0.242601,25.299999,0,0,0.000000,0.050000,1,-8.600000
1619075840678234880,27,0,0.000000,0,0,0,-0.000000,0.000000,0,0,0.000000,0.000000,0,81.910004
1619075840678448896,28,0,0.000000,0,0,0,-0.000000,0.000000,0,0,0.000000,0.000000,0,81.910004
1619075840678670080,29,0,0.750000,0,1,7,0.520108,15.300000,0,0,0.000000,-0.050000,0,-7.720000
1619075840678917120,30,0,0.000000,0,0,0,-0.000000,0.000000,0,0,0.000000,0.000000,0,81.910004
1619075840679202048,31,0,0.000000,0,0,0,-0.000000,0.000000,0,0,0.000000,0.000000,0,81.910004
1619075840679450880,32,0,-1.000000,0,1,2,-0.059341,106.699997,0,0,0.000000,0.000000,2,-8.840000
1619075840679697920,33,0,0.000000,0,1,3,-0.748746,13.200000,0,0,0.000000,1.150000,1,-6.510000
1619075840679918080,34,0,1.000000,0,0,3,-0.095993,33.700001,0,0,0.000000,0.100000,3,0.410000
1619075840680199936,35,0,1.000000,0,1,2,0.527089,9.500000,0,0,0.000000,-0.050000,1,-7.440000
1619075840680450048,36,0,1.750000,0,1,2,0.459022,53.200001,0,0,0.000000,0.000000,1,-8.090000
1619075840680666880,37,0,0.000000,0,0,0,-0.000000,0.000000,0,0,0.000000,0.000000,0,81.910004
1619075840680921088,38,0,0.000000,0,0,0,-0.000000,0.000000,0,0,0.000000,0.000000,0,81.910004
1619075840681199104,39,0,0.000000,0,0,0,-0.000000,0.000000,0,0,0.000000,0.000000,0,81.910004
1619075840681454080,40,0,0.000000,0,0,0,-0.000000,0.000000,0,0,0.000000,0.000000,0,81.910004
1619075840681742080,41,0,0.250000,0,1,2,0.373500,59.200001,0,0,0.000000,0.000000,1,-8.390000
1619075840681956096,42,0,0.000000,0,0,0,-0.000000,0.000000,0,0,0.000000,0.000000,0,81.910004
1619075840682200064,43,0,0.000000,0,0,0,-0.000000,0.000000,0,0,0.000000,0.000000,0,81.910004
1619075840682449920,44,0,5.750000,0,1,3,0.008727,55.000000,0,0,0.000000,0.000000,2,-8.890000
1619075840682704896,45,0,0.000000,0,0,0,-0.000000,0.000000,0,0,0.000000,0.000000,0,81.910004
1619075840682916096,46,0,0.000000,0,0,0,-0.000000,0.000000,0,0,0.000000,0.000000,0,81.910004
1619075840683449088,47,0,0.000000,0,0,0,-0.000000,0.000000,0,0,0.000000,0.000000,0,81.910004
1619075840683728896,48,0,0.000000,0,0,0,-0.000000,0.000000,0,0,0.000000,0.000000,0,81.910004
1619075840683951104,49,0,0.000000,0,0,0,-0.000000,0.000000,0,0,0.000000,0.000000,0,81.910004
1619075840684199936,50,0,0.000000,0,0,0,-0.000000,0.000000,0,0,0.000000,0.000000,0,81.910004
1619075840684449024,51,0,0.000000,0,0,0,-0.000000,0.000000,0,0,0.000000,0.000000,0,81.910004
1619075840684699904,52,0,0.000000,0,0,0,-0.000000,0.000000,0,0,0.000000,0.000000,0,81.910004
1619075840684948992,53,0,0.000000,0,0,1,0.029671,36.700001,0,0,0.000000,0.000000,2,-8.750000
1619075840685232128,54,0,-3.750000,0,1,3,-0.015708,70.599998,0,0,0.000000,0.000000,2,-8.920000
1619075840685451008,55,0,0.000000,0,0,0,-0.000000,0.000000,0,0,0.000000,0.000000,0,81.910004
1619075840685698048,56,0,0.000000,0,0,0,-0.000000,0.000000,0,0,0.000000,0.000000,0,81.910004
1619075840685949952,57,0,0.000000,0,0,0,-0.000000,0.000000,0,0,0.000000,0.000000,0,81.910004
1619075840686236928,58,0,5.250000,0,1,3,0.274017,14.600000,0,0,0.000000,-0.350000,1,-8.620000
1619075840686488064,59,0,0.000000,0,0,0,-0.000000,0.000000,0,0,0.000000,0.000000,0,81.910004
1619075840686731008,60,0,-0.250000,0,1,3,0.036652,41.200001,0,0,0.000000,0.000000,2,-8.840000
1619075840686949888,61,0,0.250000,0,1,3,0.478220,8.200000,0,0,0.000000,0.100000,1,-8.550000
1619075840687198976,62,0,0.000000,0,0,1,-0.254818,19.799999,0,0,0.000000,0.000000,1,-8.450000
1619075840687450112,63,0,0.000000,0,0,0,-0.000000,0.000000,0,0,0.000000,0.000000,0,81.910004
1619075840720420096,0,0,0.000000,0,0,0,-0.000000,0.000000,0,0,0.000000,0.000000,0,81.910004
1619075840720698880,1,0,0.000000,0,0,0,-0.000000,0.000000,0,0,0.000000,0.000000,0,81.910004
1619075840720947968,2,0,0.000000,0,0,0,-0.000000,0.000000,0,0,0.000000,0.000000,0,81.910004
1619075840721198080,3,0,0.000000,0,0,0,-0.000000,0.000000,0,0,0.000000,0.000000,0,81.910004
1619075840722449920,4,0,0.000000,0,0,0,-0.000000,0.000000,0,0,0.000000,0.000000,0,81.910004
1619075840722699008,5,0,0.000000,0,0,0,-0.000000,0.000000,0,0,0.000000,0.000000,0,81.910004
1619075840722949120,6,0,0.000000,0,0,0,-0.000000,0.000000,0,0,0.000000,0.000000,0,81.910004
1619075840723201024,7,0,0.000000,0,0,0,-0.000000,0.000000,0,0,0.000000,0.000000,0,81.910004
1619075840723450112,8,0,0.000000,0,0,0,-0.000000,0.000000,0,0,0.000000,0.000000,0,81.910004
1619075840723699968,9,0,0.000000,0,0,0,-0.000000,0.000000,0,0,0.000000,0.000000,0,81.910004
1619075840723948032,10,0,0.000000,0,0,0,-0.000000,0.000000,0,0,0.000000,0.000000,0,81.910004
1619075840724197888,11,0,0.000000,0,0,0,-0.000000,0.000000,0,0,0.000000,0.000000,0,81.910004
1619075840725448960,12,0,3.000000,0,1,7,-0.504400,13.200000,0,0,0.000000,0.050000,0,-7.910000
1619075840725700096,13,0,0.500000,0,1,4,0.893609,6.000000,0,0,0.000000,1.300000,0,-7.370000
1619075840725948928,14,0,-2.750000,0,1,3,-0.151844,83.099998,0,0,0.000000,0.000000,2,-8.790000
1619075840726181120,15,0,0.000000,0,0,0,-0.000000,0.000000,0,0,0.000000,0.000000,0,81.910004
1619075840726450944,16,0,0.000000,0,0,0,-0.000000,0.000000,0,0,0.000000,0.000000,0,81.910004
1619075840726701056,17,0,0.000000,0,0,0,-0.000000,0.000000,0,0,0.000000,0.000000,0,81.910004
1619075840726949120,18,0,0.000000,0,0,1,0.534071,48.000000,0,0,0.000000,0.000000,1,-7.830000
1619075840727200000,19,0,-0.750000,0,1,3,-0.460767,12.800000,0,0,0.000000,0.600000,1,-8.050000
1619075840727450880,20,0,0.000000,0,1,3,0.141372,19.900000,0,0,0.000000,0.000000,3,-8.870000
1619075840727702016,21,0,0.000000,0,0,1,0.061087,29.400000,0,0,0.000000,0.000000,2,-8.880000
1619075840727952896,22,0,0.000000,0,0,0,-0.000000,0.000000,0,0,0.000000,0.000000,0,81.910004
1619075840728199936,23,0,0.000000,0,0,0,-0.000000,0.000000,0,0,0.000000,0.000000,0,81.910004
1619075840728449024,24,0,0.000000,0,0,0,-0.000000,0.000000,0,0,0.000000,0.000000,0,81.910004
1619075840728698880,25,0,0.000000,0,0,0,-0.000000,0.000000,0,0,0.000000,0.000000,0,81.910004
1619075840728951040,26,0,-1.750000,0,1,3,-0.249582,24.900000,0,0,0.000000,0.050000,1,-8.600000
1619075840729200128,27,0,0.000000,0,0,0,-0.000000,0.000000,0,0,0.000000,0.000000,0,81.910004
1619075840729449984,28,0,0.000000,0,0,0,-0.000000,0.000000,0,0,0.000000,0.000000,0,81.910004
1619075840729700096,29,0,2.250000,0,1,2,0.516617,14.600000,0,0,0.000000,-0.050000,1,-7.840000
1619075840729949952,30,0,0.000000,0,0,0,-0.000000,0.000000,0,0,0.000000,0.000000,0,81.910004
1619075840730200064,31,0,0.000000,0,0,0,-0.000000,0.000000,0,0,0.000000,0.000000,0,81.910004
1619075840730451968,32,0,-3.500000,0,1,3,-0.059341,106.300003,0,0,0.000000,-0.050000,2,-8.860000
1619075840730697984,33,0,0.250000,0,1,3,-0.769690,12.900000,0,0,0.000000,1.300000,1,-6.410000
1619075840730955008,34,0,1.000000,0,0,3,-0.097738,33.799999,0,0,0.000000,0.100000,3,0.410000
1619075840731202048,35,0,1.500000,0,1,3,0.548033,9.200000,0,0,0.000000,-0.050000,1,-7.510000
1619075840731448064,36,0,4.000000,0,1,3,0.469494,52.500000,0,0,0.000000,0.050000,1,-8.040000
1619075840731700992,37,0,0.000000,0,0,0,-0.000000,0.000000,0,0,0.000000,0.000000,0,81.910004
1619075840731951104,38,0,0.000000,0,0,0,-0.000000,0.000000,0,0,0.000000,0.000000,0,81.910004
1619075840732201984,39,0,0.000000,0,0,0,-0.000000,0.000000,0,0,0.000000,0.000000,0,81.910004
1619075840732451072,40,0,0.000000,0,0,1,-0.668461,10.500000,0,0,0.000000,0.000000,1,-6.270000
1619075840732698880,41,0,0.250000,0,1,7,0.376991,58.799999,0,0,0.000000,0.000000,0,-8.390000
1619075840732950016,42,0,0.000000,0,0,0,-0.000000,0.000000,0,0,0.000000,0.000000,0,81.910004
1619075840733198080,43,0,0.000000,0,0,0,-0.000000,0.000000,0,0,0.000000,0.000000,0,81.910004
1619075840733449984,44,0,1.750000,0,1,3,0.015708,54.599998,0,0,0.000000,0.000000,2,-8.890000
1619075840733700096,45,0,0.000000,0,0,0,-0.000000,0.000000,0,0,0.000000,0.000000,0,81.910004
1619075840733952000,46,0,0.000000,0,0,0,-0.000000,0.000000,0,0,0.000000,0.000000,0,81.910004
1619075840734201088,47,0,0.000000,0,0,0,-0.000000,0.000000,0,0,0.000000,0.000000,0,81.910004
1619075840734450944,48,0,0.000000,0,0,0,-0.000000,0.000000,0,0,0.000000,0.000000,0,81.910004
1619075840734701056,49,0,0.000000,0,0,0,-0.000000,0.000000,0,0,0.000000,0.000000,0,81.910004
1619075840734951936,50,0,0.000000,0,0,0,-0.000000,0.000000,0,0,0.000000,0.000000,0,81.910004
1619075840735203072,51,0,0.000000,0,0,0,-0.000000,0.000000,0,0,0.000000,0.000000,0,81.910004
1619075840735449088,52,0,0.000000,0,0,0,-0.000000,0.000000,0,0,0.000000,0.000000,0,81.910004
1619075840735700992,53,0,0.000000,0,0,0,-0.000000,0.000000,0,0,0.000000,0.000000,0,81.910004
1619075840735950080,54,0,-3.750000,0,1,4,-0.015708,70.099998,0,0,0.000000,0.000000,0,-8.920000
1619075840736203008,55,0,0.000000,0,0,0,-0.000000,0.000000,0,0,0.000000,0.000000,0,81.910004
1619075840736450048,56,0,0.000000,0,0,0,-0.000000,0.000000,0,0,0.000000,0.000000,0,81.910004
1619075840736699904,57,0,0.000000,0,0,0,-0.000000,0.000000,0,0,0.000000,0.000000,0,81.910004
1619075840736950016,58,0,4.500000,0,1,3,0.291470,13.900000,0,0,0.000000,-0.350000,1,-8.650000
1619075840737200896,59,0,0.000000,0,0,0,-0.000000,0.000000,0,0,0.000000,0.000000,0,81.910004
1619075840737448960,60,0,0.500000,0,1,3,0.038397,40.799999,0,0,0.000000,0.000000,2,-8.840000
1619075840737701888,61,0,0.000000,0,1,3,0.630064,7.600000,0,0,0.000000,0.000000,1,-7.910000
1619075840737949952,62,0,0.000000,0,0,0,-0.000000,0.000000,0,0,0.000000,0.000000,0,81.910004
1619075840738201088,63,0,0.000000,0,0,0,-0.000000,0.000000,0,0,0.000000,0.000000,0,81.910004
1619075840770448896,0,0,0.000000,0,0,0,-0.000000,0.000000,0,0,0.000000,0.000000,0,81.910004
1619075840770697984,1,0,0.000000,0,0,0,-0.000000,0.000000,0,0,0.000000,0.000000,0,81.910004
1619075840770947072,2,0,0.000000,0,0,0,-0.000000,0.000000,0,0,0.000000,0.000000,0,81.910004
1619075840771197952,3,0,0.000000,0,0,0,-0.000000,0.000000,0,0,0.000000,0.000000,0,81.910004
1619075840772454912,4,0,0.000000,0,0,0,-0.000000,0.000000,0,0,0.000000,0.000000,0,81.910004
1619075840772700928,5,0,0.000000,0,0,0,-0.000000,0.000000,0,0,0.000000,0.000000,0,81.910004
1619075840772948992,6,0,0.000000,0,0,0,-0.000000,0.000000,0,0,0.000000,0.000000,0,81.910004
1619075840773199872,7,0,0.000000,0,0,0,-0.000000,0.000000,0,0,0.000000,0.000000,0,81.910004
1619075840773449984,8,0,0.000000,0,0,1,-0.603884,16.500000,0,0,0.000000,0.000000,1,31.719999
1619075840773698048,9,0,0.000000,0,0,0,-0.000000,0.000000,0,0,0.000000,0.000000,0,81.910004
1619075840773947904,10,0,0.000000,0,0,0,-0.000000,0.000000,0,0,0.000000,0.000000,0,81.910004
1619075840774200064,11,0,0.000000,0,0,0,-0.000000,0.000000,0,0,0.000000,0.000000,0,81.910004
1619075840774450944,12,0,5.250000,0,1,2,-0.574213,12.800000,0,0,0.000000,0.100000,1,-7.810000
1619075840774700032,13,0,0.500000,0,1,4,0.893609,5.700000,0,0,0.000000,1.300000,0,-7.310000
1619075840774949120,14,0,-2.750000,0,1,3,-0.153589,82.599998,0,0,0.000000,0.000000,2,-8.790000
1619075840775203072,15,0,0.000000,0,0,0,-0.000000,0.000000,0,0,0.000000,0.000000,0,81.910004
1619075840775451904,16,0,0.000000,0,0,0,-0.000000,0.000000,0,0,0.000000,0.000000,0,81.910004
1619075840775705088,17,0,0.000000,0,0,0,-0.000000,0.000000,0,0,0.000000,0.000000,0,81.910004
1619075840775958016,18,0,0.000000,0,0,0,-0.000000,0.000000,0,0,0.000000,0.000000,0,81.910004
1619075840776226048,19,0,0.750000,0,1,3,-0.511381,12.400000,0,0,0.000000,0.800000,1,-7.960000
1619075840776451072,20,0,-2.250000,0,1,3,0.165806,19.500000,0,0,0.000000,0.050000,1,-8.870000
1619075840776700928,21,0,0.000000,0,0,0,-0.000000,0.000000,0,0,0.000000,0.000000,0,81.910004
1619075840776953088,22,0,0.000000,0,0,0,-0.000000,0.000000,0,0,0.000000,0.000000,0,81.910004
1619075840777202944,23,0,0.000000,0,0,0,-0.000000,0.000000,0,0,0.000000,0.000000,0,81.910004
1619075840777448960,24,0,0.000000,0,0,0,-0.000000,0.000000,0,0,0.000000,0.000000,0,81.910004
1619075840777699072,25,0,0.000000,0,0,0,-0.000000,0.000000,0,0,0.000000,0.000000,0,81.910004
1619075840777947904,26,0,-2.000000,0,1,3,-0.256563,24.500000,0,0,0.000000,0.050000,1,-8.600000
1619075840778202880,27,0,0.000000,0,0,0,-0.000000,0.000000,0,0,0.000000,0.000000,0,81.910004
1619075840778447104,28,0,0.000000,0,0,1,0.396190,9.600000,0,0,0.000000,0.000000,1,-7.230000
1619075840778699008,29,0,0.000000,0,0,0,-0.000000,0.000000,0,0,0.000000,0.000000,0,81.910004
1619075840778948096,30,0,0.000000,0,0,0,-0.000000,0.000000,0,0,0.000000,0.000000,0,81.910004
1619075840779198976,31,0,0.000000,0,0,0,-0.000000,0.000000,0,0,0.000000,0.000000,0,81.910004
1619075840779448064,32,0,-3.500000,0,1,4,-0.059341,105.800003,0,0,0.000000,-0.050000,0,-8.870000
1619075840779696896,33,0,-1.500000,0,1,3,-0.727802,12.400000,0,0,0.000000,1.850000,1,-6.160000
1619075840779948032,34,0,1.000000,0,0,3,-0.095993,33.799999,0,0,0.000000,0.050000,3,0.410000
1619075840780197888,35,0,-1.250000,0,1,3,0.640536,8.900000,0,0,0.000000,-0.300000,1,-7.600000
1619075840780450048,36,0,3.500000,0,1,3,0.472984,51.900002,0,0,0.000000,0.100000,1,-8.010000
1619075840780698880,37,0,0.000000,0,0,0,-0.000000,0.000000,0,0,0.000000,0.000000,0,81.910004
1619075840780946944,38,0,0.000000,0,0,0,-0.000000,0.000000,0,0,0.000000,0.000000,0,81.910004
1619075840781198080,39,0,0.000000,0,0,1,-0.268781,19.799999,0,0,0.000000,0.000000,1,-8.420000
1619075840781446912,40,0,-3.000000,0,1,2,-0.734784,9.900000,0,0,0.000000,-0.100000,1,-6.520000
1619075840781698048,41,0,0.000000,0,0,0,-0.000000,0.000000,0,0,0.000000,0.000000,0,81.910004
1619075840781954048,42,0,0.000000,0,0,0,-0.000000,0.000000,0,0,0.000000,0.000000,0,81.910004
1619075840782200064,43,0,0.000000,0,0,0,-0.000000,0.000000,0,0,0.000000,0.000000,0,81.910004
1619075840782448896,44,0,1.500000,0,1,3,0.012217,54.200001,0,0,0.000000,0.000000,2,-8.890000
1619075840782696960,45,0,0.000000,0,0,0,-0.000000,0.000000,0,0,0.000000,0.000000,0,81.910004
1619075840782948096,46,0,0.000000,0,0,0,-0.000000,0.000000,0,0,0.000000,0.000000,0,81.910004
1619075840783195904,47,0,0.000000,0,0,1,0.059341,30.200001,0,0,0.000000,0.000000,1,-8.880000
1619075840783448064,48,0,0.000000,0,0,0,-0.000000,0.000000,0,0,0.000000,0.000000,0,81.910004
1619075840783698944,49,0,0.000000,0,0,0,-0.000000,0.000000,0,0,0.000000,0.000000,0,81.910004
1619075840783944960,50,0,0.000000,0,0,0,-0.000000,0.000000,0,0,0.000000,0.000000,0,81.910004
1619075840784200960,51,0,0.000000,0,0,1,0.429351,9.900000,0,0,0.000000,0.000000,1,-46.119999
1619075840784445952,52,0,0.000000,0,0,0,-0.000000,0.000000,0,0,0.000000,0.000000,0,81.910004
1619075840784697088,53,0,0.000000,0,0,0,-0.000000,0.000000,0,0,0.000000,0.000000,0,81.910004
1619075840784951040,54,0,-3.750000,0,1,4,-0.015708,69.699997,0,0,0.000000,0.000000,0,-8.920000
1619075840785198080,55,0,0.000000,0,0,0,-0.000000,0.000000,0,0,0.000000,0.000000,0,81.910004
1619075840785453056,56,0,0.000000,0,0,0,-0.000000,0.000000,0,0,0.000000,0.000000,0,81.910004
1619075840785698048,57,0,0.000000,0,0,1,0.443314,15.400000,0,0,0.000000,0.000000,1,-7.540000
1619075840785947904,58,0,3.000000,0,1,3,0.310669,13.200000,0,0,0.000000,-0.350000,1,-8.660000
1619075840786199040,59,0,0.000000,0,0,0,-0.000000,0.000000,0,0,0.000000,0.000000,0,81.910004
1619075840786447872,60,0,0.500000,0,1,3,0.040143,40.400002,0,0,0.000000,0.000000,2,-8.840000
1619075840786703104,61,0,0.000000,0,1,3,0.635300,7.000000,0,0,0.000000,0.900000,1,-7.610000
1619075840786950912,62,0,0.000000,0,0,0,-0.000000,0.000000,0,0,0.000000,0.000000,0,81.910004
1619075840787197952,63,0,0.000000,0,0,0,-0.000000,0.000000,0,0,0.000000,0.000000,0,81.910004
1619075840820449024,0,0,0.000000,0,0,0,-0.000000,0.000000,0,0,0.000000,0.000000,0,81.910004
1619075840820695040,1,0,0.000000,0,0,0,-0.000000,0.000000,0,0,0.000000,0.000000,0,81.910004
1619075840820954112,2,0,0.000000,0,0,0,-0.000000,0.000000,0,0,0.000000,0.000000,0,81.910004
1619075840821196032,3,0,0.000000,0,0,0,-0.000000,0.000000,0,0,0.000000,0.000000,0,81.910004
1619075840822467072,4,0,0.000000,0,0,0,-0.000000,0.000000,0,0,0.000000,0.000000,0,81.910004
1619075840822697984,5,0,0.000000,0,0,0,-0.000000,0.000000,0,0,0.000000,0.000000,0,81.910004
1619075840822948096,6,0,0.000000,0,0,0,-0.000000,0.000000,0,0,0.000000,0.000000,0,81.910004
1619075840823217920,7,0,0.000000,0,0,0,-0.000000,0.000000,0,0,0.000000,0.000000,0,81.910004
1619075840823467008,8,0,0.000000,0,0,0,-0.000000,0.000000,0,0,0.000000,0.000000,0,81.910004
1619075840823696896,9,0,0.000000,0,0,0,-0.000000,0.000000,0,0,0.000000,0.000000,0,81.910004
1619075840823950080,10,0,0.000000,0,0,0,-0.000000,0.000000,0,0,0.000000,0.000000,0,81.910004
1619075840824194048,11,0,0.000000,0,0,0,-0.000000,0.000000,0,0,0.000000,0.000000,0,81.910004
1619075840825470976,12,0,1.250000,0,1,2,-0.537561,12.400000,0,0,0.000000,0.050000,1,-7.860000
1619075840825699072,13,0,0.000000,0,0,0,-0.000000,0.000000,0,0,0.000000,0.000000,0,81.910004
1619075840825947904,14,0,-2.500000,0,1,3,-0.153589,82.199997,0,0,0.000000,0.000000,2,-8.790000
1619075840826217984,15,0,0.000000,0,0,0,-0.000000,0.000000,0,0,0.000000,0.000000,0,81.910004
1619075840826467072,16,0,0.000000,0,0,0,-0.000000,0.000000,0,0,0.000000,0.000000,0,81.910004
1619075840826697984,17,0,0.000000,0,0,0,-0.000000,0.000000,0,0,0.000000,0.000000,0,81.910004
1619075840826946048,18,0,0.000000,0,0,0,-0.000000,0.000000,0,0,0.000000,0.000000,0,81.910004
1619075840827218944,19,0,4.250000,0,1,3,-0.612611,12.000000,0,0,0.000000,1.650000,1,-7.650000
1619075840827469056,20,0,-2.500000,0,1,3,0.151844,19.100000,0,0,0.000000,0.050000,3,-8.860000
1619075840827718912,21,0,0.000000,0,0,0,-0.000000,0.000000,0,0,0.000000,0.000000,0,81.910004
1619075840827972096,22,0,0.000000,0,0,0,-0.000000,0.000000,0,0,0.000000,0.000000,0,81.910004
1619075840828219904,23,0,0.000000,0,0,0,-0.000000,0.000000,0,0,0.000000,0.000000,0,81.910004
1619075840828446976,24,0,0.000000,0,0,0,-0.000000,0.000000,0,0,0.000000,0.000000,0,81.910004
1619075840828698112,25,0,0.000000,0,0,0,-0.000000,0.000000,0,0,0.000000,0.000000,0,81.910004
1619075840828946944,26,0,-2.000000,0,1,3,-0.247837,24.100000,0,0,0.000000,0.050000,1,-8.590000
1619075840829218048,27,0,0.000000,0,0,0,-0.000000,0.000000,0,0,0.000000,0.000000,0,81.910004
1619075840829466880,28,0,0.000000,0,1,2,0.499164,9.400000,0,0,0.000000,-0.050000,1,-7.290000
1619075840829720064,29,0,0.000000,0,0,0,-0.000000,0.000000,0,0,0.000000,0.000000,0,81.910004
1619075840829947904,30,0,0.000000,0,0,0,-0.000000,0.000000,0,0,0.000000,0.000000,0,81.910004
1619075840830220032,31,0,0.000000,0,0,0,-0.000000,0.000000,0,0,0.000000,0.000000,0,81.910004
1619075840830467072,32,0,-3.500000,0,1,4,-0.059341,105.400002,0,0,0.000000,-0.050000,0,-8.890000
1619075840830694912,33,0,-4.500000,0,1,3,-0.699877,11.900000,0,0,0.000000,1.550000,1,-6.180000
1619075840830969088,34,0,1.000000,0,0,3,-0.097738,33.900002,0,0,0.000000,0.050000,3,0.390000
1619075840831217920,35,0,-2.500000,0,1,3,0.713840,8.600000,0,0,0.000000,-0.400000,1,-7.660000
1619075840831469056,36,0,4.250000,0,1,3,0.472984,51.500000,0,0,0.000000,0.050000,1,-8.030000
1619075840831719936,37,0,0.000000,0,0,0,-0.000000,0.000000,0,0,0.000000,0.000000,0,81.910004
1619075840831976960,38,0,0.000000,0,0,0,-0.000000,0.000000,0,0,0.000000,0.000000,0,81.910004
1619075840832221952,39,0,-1.500000,0,1,2,-0.301942,19.100000,0,0,0.000000,0.000000,1,-8.380000
1619075840832467968,40,0,-3.000000,0,1,7,-0.766200,9.500000,0,0,0.000000,-0.100000,0,-6.540000
1619075840832696064,41,0,0.000000,0,0,0,-0.000000,0.000000,0,0,0.000000,0.000000,0,81.910004
1619075840832968960,42,0,0.000000,0,0,0,-0.000000,0.000000,0,0,0.000000,0.000000,0,81.910004
1619075840833219072,43,0,0.000000,0,0,0,-0.000000,0.000000,0,0,0.000000,0.000000,0,81.910004
1619075840833469952,44,0,3.000000,0,1,3,0.008727,53.799999,0,0,0.000000,0.000000,2,-8.890000
1619075840833720064,45,0,0.000000,0,0,0,-0.000000,0.000000,0,0,0.000000,0.000000,0,81.910004
1619075840833968128,46,0,0.000000,0,0,0,-0.000000,0.000000,0,0,0.000000,0.000000,0,81.910004
1619075840834220032,47,0,0.250000,0,1,2,0.059341,29.799999,0,0,0.000000,-0.050000,1,-8.900000
1619075840834471936,48,0,0.000000,0,0,0,-0.000000,0.000000,0,0,0.000000,0.000000,0,81.910004
1619075840834720000,49,0,0.000000,0,0,0,-0.000000,0.000000,0,0,0.000000,0.000000,0,81.910004
1619075840834970112,50,0,0.000000,0,0,0,-0.000000,0.000000,0,0,0.000000,0.000000,0,81.910004
1619075840835220992,51,0,0.000000,0,0,0,-0.000000,0.000000,0,0,0.000000,0.000000,0,81.910004
1619075840835468032,52,0,0.000000,0,0,0,-0.000000,0.000000,0,0,0.000000,0.000000,0,81.910004
1619075840835718912,53,0,0.000000,0,0,0,-0.000000,0.000000,0,0,0.000000,0.000000,0,81.910004
1619075840835969024,54,0,-3.750000,0,1,4,-0.015708,69.199997,0,0,0.000000,0.000000,0,-8.920000
1619075840836219904,55,0,0.000000,0,0,0,-0.000000,0.000000,0,0,0.000000,0.000000,0,81.910004
1619075840836467968,56,0,0.000000,0,0,0,-0.000000,0.000000,0,0,0.000000,0.000000,0,81.910004
1619075840836696064,57,0,0.000000,0,0,0,-0.000000,0.000000,0,0,0.000000,0.000000,0,81.910004
1619075840836967936,58,0,3.000000,0,1,3,0.291470,12.500000,0,0,0.000000,-0.350000,3,-8.690000
1619075840837219072,59,0,0.000000,0,0,0,-0.000000,0.000000,0,0,0.000000,0.000000,0,81.910004
1619075840837467904,60,0,-1.000000,0,1,3,0.041888,39.900002,0,0,0.000000,-0.050000,2,-8.860000
1619075840837719040,61,0,0.000000,0,1,3,0.680678,6.700000,0,0,0.000000,0.550000,1,-7.700000
1619075840837971968,62,0,0.000000,0,0,0,-0.000000,0.000000,0,0,0.000000,0.000000,0,81.910004
1619075840838256128,63,0,0.000000,0,0,0,-0.000000,0.000000,0,0,0.000000,0.000000,0,81.910004
1619075840870468096,0,0,0.000000,0,0,0,-0.000000,0.000000,0,0,0.000000,0.000000,0,81.910004
1619075840870720000,1,0,0.000000,0,0,0,-0.000000,0.000000,0,0,0.000000,0.000000,0,81.910004
1619075840870969088,2,0,0.000000,0,0,0,-0.000000,0.000000,0,0,0.000000,0.000000,0,81.910004
1619075840871216896,3,0,0.000000,0,0,0,-0.000000,0.000000,0,0,0.000000,0.000000,0,81.910004
1619075840872470016,4,0,0.000000,0,0,0,-0.000000,0.000000,0,0,0.000000,0.000000,0,81.910004
1619075840872719872,5,0,0.000000,0,0,0,-0.000000,0.000000,0,0,0.000000,0.000000,0,81.910004
1619075840872967936,6,0,0.000000,0,0,0,-0.000000,0.000000,0,0,0.000000,0.000000,0,81.910004
1619075840873220096,7,0,0.000000,0,0,0,-0.000000,0.000000,0,0,0.000000,0.000000,0,81.910004
1619075840873468928,8,0,0.000000,0,0,0,-0.000000,0.000000,0,0,0.000000,0.000000,0,81.910004
1619075840873722880,9,0,0.000000,0,0,0,-0.000000,0.000000,0,0,0.000000,0.000000,0,81.910004
1619075840873968128,10,0,0.000000,0,0,0,-0.000000,0.000000,0,0,0.000000,0.000000,0,81.910004
1619075840874214912,11,0,0.000000,0,0,1,0.191986,13.200000,0,0,0.000000,0.000000,1,-8.140000
1619075840874467072,12,0,0.000000,0,0,0,-0.000000,0.000000,0,0,0.000000,0.000000,0,81.910004
1619075840874717952,13,0,0.000000,0,0,0,-0.000000,0.000000,0,0,0.000000,0.000000,0,81.910004
1619075840874970112,14,0,-2.500000,0,1,3,-0.153589,81.699997,0,0,0.000000,0.000000,2,-8.790000
1619075840875215872,15,0,0.000000,0,0,0,-0.000000,0.000000,0,0,0.000000,0.000000,0,81.910004
1619075840875467008,16,0,0.000000,0,0,0,-0.000000,0.000000,0,0,0.000000,0.000000,0,81.910004
1619075840875717888,17,0,0.000000,0,0,0,-0.000000,0.000000,0,0,0.000000,0.000000,0,81.910004
1619075840875966976,18,0,0.000000,0,0,0,-0.000000,0.000000,0,0,0.000000,0.000000,0,81.910004
1619075840876216064,19,0,4.750000,0,1,3,-0.638790,11.600000,0,0,0.000000,1.950000,1,-7.470000
1619075840876467968,20,0,-2.500000,0,1,4,0.155334,18.600000,0,0,0.000000,0.050000,0,-8.860000
1619075840876718080,21,0,0.000000,0,0,0,-0.000000,0.000000,0,0,0.000000,0.000000,0,81.910004
1619075840876966912,22,0,0.000000,0,0,1,-0.434587,12.800000,0,0,0.000000,0.000000,1,-8.140000
1619075840877216000,23,0,0.000000,0,0,0,-0.000000,0.000000,0,0,0.000000,0.000000,0,81.910004
1619075840877469952,24,0,0.000000,0,0,0,-0.000000,0.000000,0,0,0.000000,0.000000,0,81.910004
1619075840877716992,25,0,0.000000,0,0,1,-0.567232,13.000000,0,0,0.000000,0.000000,1,-25.010000
1619075840877967872,26,0,-2.000000,0,1,3,-0.253073,23.700001,0,0,0.000000,0.050000,1,-8.590000
1619075840878215936,27,0,0.000000,0,0,0,-0.000000,0.000000,0,0,0.000000,0.000000,0,81.910004
1619075840878483968,28,0,1.000000,0,1,2,0.507891,9.000000,0,0,0.000000,-0.050000,1,-7.320000
1619075840878748928,29,0,0.000000,0,0,0,-0.000000,0.000000,0,0,0.000000,0.000000,0,81.910004
1619075840878967040,30,0,0.000000,0,0,0,-0.000000,0.000000,0,0,0.000000,0.000000,0,81.910004
1619075840879216896,31,0,0.000000,0,0,0,-0.000000,0.000000,0,0,0.000000,0.000000,0,81.910004
1619075840879468032,32,0,-3.500000,0,1,4,-0.059341,104.900002,0,0,0.000000,-0.050000,0,-8.910000
1619075840879749120,33,0,-3.500000,0,1,3,-0.776672,11.600000,0,0,0.000000,1.450000,1,-6.140000
1619075840879994880,34,0,1.000000,0,0,3,-0.097738,33.900002,0,0,0.000000,0.050000,3,0.390000
1619075840880216064,35,0,-3.750000,0,1,3,0.802851,8.300000,0,0,0.000000,-0.350000,1,-7.670000
1619075840880465920,36,0,3.500000,0,1,3,0.478220,51.099998,0,0,0.000000,0.050000,1,-8.020000
1619075840880752128,37,0,0.000000,0,0,0,-0.000000,0.000000,0,0,0.000000,0.000000,0,81.910004
1619075840880997120,38,0,0.000000,0,0,0,-0.000000,0.000000,0,0,0.000000,0.000000,0,81.910004
1619075840881216000,39,0,-2.500000,0,1,2,-0.308923,18.400000,0,0,0.000000,0.000000,1,-8.360000
1619075840881466880,40,0,-2.750000,0,1,2,-0.794125,9.200000,0,0,0.000000,-0.100000,1,-6.470000
1619075840881720064,41,0,0.000000,0,0,0,-0.000000,0.000000,0,0,0.000000,0.000000,0,81.910004
1619075840882001920,42,0,0.000000,0,0,1,-0.408407,14.800000,0,0,0.000000,0.000000,1,-7.950000
1619075840882257920,43,0,0.000000,0,0,0,-0.000000,0.000000,0,0,0.000000,0.000000,0,81.910004
1619075840882501888,44,0,1.750000,0,1,3,0.010472,53.299999,0,0,0.000000,0.000000,2,-8.890000
1619075840882740992,45,0,0.000000,0,0,0,-0.000000,0.000000,0,0,0.000000,0.000000,0,81.910004
1619075840882996992,46,0,0.000000,0,0,0,-0.000000,0.000000,0,0,0.000000,0.000000,0,81.910004
1619075840883254016,47,0,0.250000,0,1,7,0.059341,29.400000,0,0,0.000000,-0.050000,0,-8.910000
1619075840883467008,48,0,0.000000,0,0,0,-0.000000,0.000000,0,0,0.000000,0.000000,0,81.910004
1619075840883717888,49,0,0.000000,0,0,1,-0.218166,35.599998,0,0,0.000000,0.000000,1,-8.650000
1619075840883972096,50,0,0.000000,0,0,0,-0.000000,0.000000,0,0,0.000000,0.000000,0,81.910004
1619075840884218112,51,0,0.000000,0,0,0,-0.000000,0.000000,0,0,0.000000,0.000000,0,81.910004
1619075840884466944,52,0,0.000000,0,0,0,-0.000000,0.000000,0,0,0.000000,0.000000,0,81.910004
1619075840884718080,53,0,0.000000,0,0,0,-0.000000,0.000000,0,0,0.000000,0.000000,0,81.910004
1619075840884968960,54,0,0.000000,0,0,0,-0.000000,0.000000,0,0,0.000000,0.000000,0,81.910004
1619075840885216000,55,0,0.000000,0,0,0,-0.000000,0.000000,0,0,0.000000,0.000000,0,81.910004
1619075840885467904,56,0,0.000000,0,0,0,-0.000000,0.000000,0,0,0.000000,0.000000,0,81.910004
1619075840885716992,57,0,0.000000,0,0,0,-0.000000,0.000000,0,0,0.000000,0.000000,0,81.910004
1619075840885966080,58,0,2.250000,0,1,3,0.314159,11.800000,0,0,0.000000,-0.350000,1,-8.700000
1619075840886217984,59,0,0.000000,0,0,0,-0.000000,0.000000,0,0,0.000000,0.000000,0,81.910004
1619075840886467072,60,0,1.000000,0,1,3,0.031416,39.500000,0,0,0.000000,-0.050000,2,-8.870000
1619075840886716928,61,0,0.000000,0,1,3,0.731293,6.300000,0,0,0.000000,0.300000,1,-7.740000
1619075840886969088,62,0,0.000000,0,0,0,-0.000000,0.000000,0,0,0.000000,0.000000,0,81.910004
1619075840887216896,63,0,0.000000,0,0,0,-0.000000,0.000000,0,0,0.000000,0.000000,0,81.910004
1619075840920466944,0,0,0.000000,0,0,0,-0.000000,0.000000,0,0,0.000000,0.000000,0,81.910004
1619075840920718080,1,0,0.000000,0,0,0,-0.000000,0.000000,0,0,0.000000,0.000000,0,81.910004
1619075840920966912,2,0,0.000000,0,0,1,0.565487,11.900000,0,0,0.000000,0.000000,1,-7.880000
1619075840921214976,3,0,0.000000,0,0,0,-0.000000,0.000000,0,0,0.000000,0.000000,0,81.910004
1619075840922490880,4,0,0.000000,0,0,0,-0.000000,0.000000,0,0,0.000000,0.000000,0,81.910004
1619075840922743040,5,0,0.000000,0,0,1,0.865683,4.900000,0,0,0.000000,0.000000,1,12.980000
1619075840922989056,6,0,0.000000,0,0,0,-0.000000,0.000000,0,0,0.000000,0.000000,0,81.910004
1619075840923246080,7,0,0.000000,0,0,0,-0.000000,0.000000,0,0,0.000000,0.000000,0,81.910004
1619075840923469056,8,0,0.000000,0,0,0,-0.000000,0.000000,0,0,0.000000,0.000000,0,81.910004
1619075840923718912,9,0,0.000000,0,0,0,-0.000000,0.000000,0,0,0.000000,0.000000,0,81.910004
1619075840923965952,10,0,0.000000,0,0,1,0.495674,13.000000,0,0,0.000000,0.000000,1,-8.090000
1619075840924216064,11,0,1.250000,0,1,2,0.232129,12.900000,0,0,0.000000,0.000000,1,-8.120000
1619075840924465920,12,0,0.000000,0,0,0,-0.000000,0.000000,0,0,0.000000,0.000000,0,81.910004
1619075840924719104,13,0,0.000000,0,0,0,-0.000000,0.000000,0,0,0.000000,0.000000,0,81.910004
1619075840924966912,14,0,-2.250000,0,1,3,-0.155334,81.300003,0,0,0.000000,0.000000,2,-8.790000
1619075840925242112,15,0,0.000000,0,0,0,-0.000000,0.000000,0,0,0.000000,0.000000,0,81.910004
1619075840925488896,16,0,0.000000,0,0,0,-0.000000,0.000000,0,0,0.000000,0.000000,0,81.910004
1619075840925739008,17,0,0.000000,0,0,0,-0.000000,0.000000,0,0,0.000000,0.000000,0,81.910004
1619075840925991936,18,0,0.000000,0,0,0,-0.000000,0.000000,0,0,0.000000,0.000000,0,81.910004
1619075840926238976,19,0,4.750000,0,1,3,-0.668461,11.300000,0,0,0.000000,2.200000,1,-7.310000
1619075840926468096,20,0,-1.750000,0,1,3,0.164061,17.900000,0,0,0.000000,0.050000,1,-8.860000
1619075840926722048,21,0,0.000000,0,0,0,-0.000000,0.000000,0,0,0.000000,0.000000,0,81.910004
1619075840926970880,22,0,4.500000,0,1,2,-0.600393,12.300000,0,0,0.000000,0.000000,1,-7.620000
1619075840927240960,23,0,0.000000,0,0,0,-0.000000,0.000000,0,0,0.000000,0.000000,0,81.910004
1619075840927490048,24,0,0.000000,0,0,0,-0.000000,0.000000,0,0,0.000000,0.000000,0,81.910004
1619075840927738880,25,0,0.000000,0,0,0,-0.000000,0.000000,0,0,0.000000,0.000000,0,81.910004
1619075840927990016,26,0,-2.000000,0,1,3,-0.319395,17.900000,0,0,0.000000,0.050000,1,-8.360000
1619075840928242944,27,0,0.000000,0,0,0,-0.000000,0.000000,0,0,0.000000,0.000000,0,81.910004
1619075840928466944,28,0,0.500000,0,1,2,0.574213,8.700000,0,0,0.000000,0.000000,1,-7.270000
1619075840928716032,29,0,0.000000,0,0,0,-0.000000,0.000000,0,0,0.000000,0.000000,0,81.910004
1619075840928988928,30,0,0.000000,0,0,0,-0.000000,0.000000,0,0,0.000000,0.000000,0,81.910004
1619075840929236992,31,0,0.000000,0,0,1,-0.024435,76.699997,0,0,0.000000,0.000000,2,-8.890000
1619075840929488896,32,0,0.000000,0,0,0,-0.000000,0.000000,0,0,0.000000,0.000000,0,81.910004
1619075840929739008,33,0,-5.000000,0,1,3,-0.755728,11.100000,0,0,0.000000,1.450000,1,-6.070000
1619075840929989888,34,0,1.000000,0,0,3,-0.101229,33.900002,0,0,0.000000,0.050000,3,0.380000
1619075840930237952,35,0,-3.750000,0,1,3,0.849975,8.000000,0,0,0.000000,-0.250000,1,-7.660000
1619075840930489088,36,0,2.500000,0,1,3,0.486947,50.799999,0,0,0.000000,0.150000,1,-8.000000
1619075840930715904,37,0,0.000000,0,0,0,-0.000000,0.000000,0,0,0.000000,0.000000,0,81.910004
1619075840930989056,38,0,0.000000,0,0,1,0.132645,84.199997,0,0,0.000000,0.000000,2,-8.840000
1619075840931237120,39,0,-5.250000,0,1,5,-0.315905,17.900000,0,0,0.000000,0.000000,1,-8.370000
1619075840931490048,40,0,0.000000,0,0,0,-0.000000,0.000000,0,0,0.000000,0.000000,0,81.910004
1619075840931739904,41,0,0.000000,0,0,0,-0.000000,0.000000,0,0,0.000000,0.000000,0,81.910004
1619075840931990016,42,0,0.000000,0,0,0,-0.000000,0.000000,0,0,0.000000,0.000000,0,81.910004
1619075840932237056,43,0,0.000000,0,0,0,-0.000000,0.000000,0,0,0.000000,0.000000,0,81.910004
1619075840932487936,44,0,0.750000,0,1,3,0.010472,52.900002,0,0,0.000000,0.000000,2,-8.890000
1619075840932715008,45,0,0.000000,0,0,0,-0.000000,0.000000,0,0,0.000000,0.000000,0,81.910004
1619075840932989952,46,0,0.000000,0,0,1,0.464258,59.500000,0,0,0.000000,0.000000,1,-8.020000
1619075840933236992,47,0,0.000000,0,0,0,-0.000000,0.000000,0,0,0.000000,0.000000,0,81.910004
1619075840933489920,48,0,0.000000,0,0,0,-0.000000,0.000000,0,0,0.000000,0.000000,0,81.910004
1619075840933737984,49,0,0.000000,0,0,0,-0.000000,0.000000,0,0,0.000000,0.000000,0,81.910004
1619075840933989888,50,0,0.000000,0,0,0,-0.000000,0.000000,0,0,0.000000,0.000000,0,81.910004
1619075840934238976,51,0,0.000000,0,0,0,-0.000000,0.000000,0,0,0.000000,0.000000,0,81.910004
1619075840934489088,52,0,0.000000,0,0,1,-0.031416,62.299999,0,0,0.000000,0.000000,2,-8.890000
1619075840934740992,53,0,0.000000,0,0,0,-0.000000,0.000000,0,0,0.000000,0.000000,0,81.910004
1619075840935010048,54,0,0.000000,0,0,0,-0.000000,0.000000,0,0,0.000000,0.000000,0,81.910004
1619075840935237120,55,0,0.000000,0,0,0,-0.000000,0.000000,0,0,0.000000,0.000000,0,81.910004
1619075840935490048,56,0,0.000000,0,0,0,-0.000000,0.000000,0,0,0.000000,0.000000,0,81.910004
1619075840935740928,57,0,0.000000,0,0,0,-0.000000,0.000000,0,0,0.000000,0.000000,0,81.910004
1619075840935991040,58,0,1.250000,0,1,3,0.338594,11.100000,0,0,0.000000,-0.300000,1,-8.690000
1619075840936240128,59,0,0.000000,0,0,0,-0.000000,0.000000,0,0,0.000000,0.000000,0,81.910004
1619075840936495104,60,0,1.000000,0,1,4,0.033161,39.099998,0,0,0.000000,-0.050000,0,-8.890000
