time_ns,track_id,velocity_x,velocity_y,position_x,position_y,dynprop,rcs,dist_long_rms,vrel_long_rms,dist_lat_rms,vrel_lat_rms,arel_lat_rms,arel_long_rms,orientation_rms,meas_state,prob_of_existobject_type,acceleration_x,acceleration_y,orientation_angel,length,width,false_alarm,ambig_state,invalid_state
1604546789520803072,0,0.000000,0.250000,206.600006,0.800000,1,18.000000,21,22,21,24,0,26,17,3,3,0,0.000000,0.000000,0.000000,3.000000,1.400000,0,0,0
1604546789521242880,1,0.000000,-0.250000,46.599998,-4.600000,1,8.500000,17,17,18,19,0,20,17,2,7,0,0.000000,0.000000,0.000000,0.000000,0.000000,0,0,0
1604546789521712896,2,0.000000,0.000000,123.800003,12.400000,6,11.000000,17,18,19,19,0,20,17,2,7,0,0.000000,0.000000,0.000000,0.000000,0.000000,0,0,0
1604546789522183936,3,0.000000,0.000000,187.199997,-1.000000,1,18.500000,17,18,19,19,0,20,17,2,7,0,0.000000,0.000000,0.000000,0.000000,0.000000,0,0,0
1604546789522648064,4,0.000000,0.500000,138.800003,18.799999,1,4.000000,19,18,20,21,0,20,17,2,7,0,0.000000,0.000000,0.000000,0.000000,0.000000,0,0,0
1604546789523117056,5,0.000000,0.000000,217.399994,16.600000,1,29.000000,17,18,20,20,0,20,17,2,7,0,0.000000,0.000000,0.000000,0.000000,0.000000,0,0,0
1604546789523582976,6,3.250000,0.250000,204.000000,8.000000,0,26.500000,17,18,19,19,0,21,13,2,7,0,0.000000,0.000000,0.000000,0.000000,0.000000,0,0,0
1604546789524057088,7,0.000000,0.000000,78.400002,-2.800000,1,15.500000,17,18,19,19,0,20,17,2,6,0,0.000000,0.000000,0.000000,0.000000,0.000000,0,0,0
1604546789524538112,8,0.000000,0.000000,20.799999,-6.000000,1,6.500000,16,17,18,19,0,20,17,2,7,0,0.000000,0.000000,0.000000,0.000000,0.000000,0,0,0
1604546789525006080,9,0.000000,0.000000,27.200001,27.400000,1,6.000000,18,19,19,19,0,21,17,3,6,0,0.000000,0.000000,0.000000,0.000000,0.000000,0,0,0
1604546789525478912,10,0.000000,0.000000,43.599998,-5.000000,1,10.000000,17,18,18,19,0,20,17,2,7,0,0.000000,0.000000,0.000000,0.000000,0.000000,0,0,0
1604546789525946880,11,0.000000,0.000000,69.599998,22.000000,1,8.500000,17,18,19,19,0,20,17,2,7,0,0.000000,0.000000,0.000000,0.000000,0.000000,0,0,0
1604546789526409984,12,0.000000,0.000000,67.199997,-2.800000,1,15.000000,17,17,18,19,0,20,17,2,7,0,0.000000,0.000000,0.000000,0.000000,0.000000,0,0,0
1604546789526871040,13,0.000000,0.250000,156.600006,21.200001,1,5.500000,20,19,22,23,0,21,17,2,7,0,0.000000,0.000000,0.000000,0.000000,0.000000,0,0,0
1604546789527343104,14,0.000000,0.000000,37.599998,28.600000,1,16.000000,18,19,19,19,0,21,17,3,6,0,0.000000,0.000000,0.000000,0.000000,0.000000,0,0,0
1604546789527810048,15,0.000000,0.000000,120.599998,14.800000,1,14.500000,16,17,19,19,0,20,17,2,7,0,0.000000,0.000000,0.000000,0.000000,0.000000,0,0,0
1604546789528282880,16,0.000000,0.000000,88.400002,-2.200000,1,14.500000,21,23,22,24,0,26,17,3,3,0,0.000000,0.000000,0.000000,0.000000,0.000000,0,0,0
1604546789528748032,17,0.000000,0.000000,6.400000,-4.400000,1,2.000000,16,17,17,19,0,20,17,2,7,0,0.000000,0.000000,0.000000,0.000000,0.000000,0,0,0
1604546789529221888,18,0.000000,0.000000,59.799999,13.200000,1,12.000000,16,17,18,19,0,20,17,2,7,0,0.000000,0.000000,0.000000,0.000000,0.000000,0,0,0
1604546789529687040,19,0.000000,0.250000,113.400002,15.200000,1,2.000000,17,18,20,20,0,20,17,2,7,0,0.000000,0.000000,0.000000,0.000000,0.000000,0,0,0
1604546789530149120,20,0.000000,0.000000,57.400002,13.400000,1,13.000000,17,18,18,19,0,20,17,2,7,0,0.000000,0.000000,0.000000,0.000000,0.000000,0,0,0
1604546789530624000,21,0.000000,0.000000,32.599998,-18.400000,1,3.500000,17,18,18,19,0,20,17,2,7,0,0.000000,0.000000,0.000000,0.000000,0.000000,0,0,0
1604546789531083008,22,0.000000,0.000000,72.199997,14.200000,1,11.000000,18,19,20,20,0,21,17,3,6,0,0.000000,0.000000,0.000000,0.000000,0.000000,0,0,0
1604546789531589888,23,0.000000,0.000000,16.799999,-4.600000,1,1.500000,17,18,18,19,0,20,17,2,7,0,0.000000,0.000000,0.000000,0.000000,0.000000,0,0,0
1604546789532033024,24,0.000000,0.000000,64.000000,-3.400000,1,9.000000,17,18,19,19,0,20,17,2,7,0,0.000000,0.000000,0.000000,0.000000,0.000000,0,0,0
1604546789532496896,25,0.000000,0.000000,87.800003,14.000000,1,13.000000,17,18,18,19,0,20,17,2,7,0,0.000000,0.000000,0.000000,0.000000,0.000000,0,0,0
1604546789532972032,26,0.000000,0.000000,75.599998,23.200001,1,9.500000,17,18,19,19,0,20,17,2,7,0,0.000000,0.000000,0.000000,0.000000,0.000000,0,0,0
1604546789533434880,27,0.000000,0.250000,150.399994,15.800000,1,2.500000,20,19,21,23,0,22,17,2,7,0,0.000000,0.000000,0.000000,0.000000,0.000000,0,0,0
1604546789533903104,28,0.000000,0.000000,210.199997,16.600000,1,33.000000,17,18,20,20,0,20,17,2,7,0,0.000000,0.000000,0.000000,0.000000,0.000000,0,0,0
1604546789534369024,29,0.000000,0.000000,79.599998,13.600000,1,12.500000,16,17,18,19,0,20,17,2,7,0,0.000000,0.000000,0.000000,0.000000,0.000000,0,0,0
1604546789534839040,30,0.000000,-0.250000,142.600006,14.600000,1,0.500000,18,19,20,20,0,21,17,2,6,0,0.000000,0.000000,0.000000,0.000000,0.000000,0,0,0
1604546789535307008,31,0.000000,0.000000,64.199997,13.000000,1,11.500000,17,18,18,19,0,20,17,2,7,0,0.000000,0.000000,0.000000,0.000000,0.000000,0,0,0
1604546789535781888,32,0.000000,0.000000,90.800003,-0.800000,1,8.500000,17,18,19,19,0,20,17,2,7,0,0.000000,0.000000,0.000000,0.000000,0.000000,0,0,0
1604546789536243968,33,0.000000,0.000000,54.599998,13.200000,1,19.000000,16,17,18,19,0,20,17,2,7,0,0.000000,0.000000,0.000000,0.000000,0.000000,0,0,0
1604546789536709120,34,0.000000,0.000000,202.800003,16.799999,1,30.500000,17,18,20,20,0,20,17,2,7,0,0.000000,0.000000,0.000000,0.000000,0.000000,0,0,0
1604546789537172992,35,0.000000,0.000000,49.400002,12.600000,1,13.500000,17,18,19,19,0,20,17,2,7,0,0.000000,0.000000,0.000000,0.000000,0.000000,0,0,0
1604546789537647104,36,0.000000,0.000000,140.800003,-1.200000,1,4.500000,21,23,21,23,0,26,17,2,2,0,0.000000,0.000000,0.000000,0.000000,0.000000,0,0,0
1604546789538106880,37,0.000000,0.000000,191.800003,16.600000,1,28.000000,17,17,19,19,0,20,17,2,7,0,0.000000,0.000000,0.000000,0.000000,0.000000,0,0,0
1604546789538576896,38,0.000000,0.000000,84.400002,-2.200000,1,15.500000,17,18,19,19,0,20,17,2,7,0,0.000000,0.000000,0.000000,0.000000,0.000000,0,0,0
1604546789539035904,39,0.000000,0.250000,25.799999,-9.800000,1,-3.000000,17,18,18,19,0,20,17,2,7,0,0.000000,0.000000,0.000000,0.000000,0.000000,0,0,0
1604546789539503104,40,0.000000,-0.250000,169.800003,1.600000,1,22.000000,17,18,19,19,0,20,17,2,7,0,0.000000,0.000000,0.000000,0.000000,0.000000,0,0,0
1604546789539982080,41,0.000000,0.000000,128.600006,17.600000,1,-1.000000,18,18,20,20,0,20,17,2,7,0,0.000000,0.000000,0.000000,0.000000,0.000000,0,0,0
1604546789540442112,42,0.000000,0.000000,39.000000,-9.200000,1,9.000000,17,18,18,19,0,20,17,2,7,0,0.000000,0.000000,0.000000,0.000000,0.000000,0,0,0
1604546789540910080,43,0.000000,0.250000,52.799999,13.800000,1,9.000000,17,18,19,19,0,20,17,2,7,0,0.000000,0.000000,0.000000,0.000000,0.000000,0,0,0
1604546789541376000,44,0.000000,0.000000,196.800003,0.600000,1,21.000000,17,18,19,19,0,20,17,2,7,0,0.000000,0.000000,0.000000,0.000000,0.000000,0,0,0
1604546789541841920,45,0.000000,0.000000,27.000000,21.400000,1,0.500000,17,18,18,19,0,20,17,2,7,0,0.000000,0.000000,0.000000,0.000000,0.000000,0,0,0
1604546789542307072,46,0.000000,0.000000,105.400002,14.600000,1,0.500000,17,18,19,19,0,20,17,2,7,0,0.000000,0.000000,0.000000,0.000000,0.000000,0,0,0
1604546789542768896,47,0.000000,0.000000,68.199997,13.400000,1,11.000000,16,17,18,19,0,20,17,2,7,0,0.000000,0.000000,0.000000,0.000000,0.000000,0,0,0
1604546789543237888,48,0.000000,0.000000,86.400002,-2.400000,1,22.500000,16,17,18,19,0,20,17,2,7,0,0.000000,0.000000,0.000000,0.000000,0.000000,0,0,0
1604546789543706112,49,0.000000,0.000000,73.800003,10.400000,1,19.000000,16,17,18,19,0,20,17,2,7,0,0.000000,0.000000,0.000000,0.000000,0.000000,0,0,0
1604546789544172032,50,0.000000,0.000000,92.599998,-2.400000,1,12.000000,22,23,25,24,0,27,17,3,2,0,0.000000,0.000000,0.000000,0.000000,0.000000,0,0,0
1604546789544636928,51,0.000000,0.000000,183.000000,16.600000,1,24.500000,17,17,19,19,0,20,17,2,7,0,0.000000,0.000000,0.000000,0.000000,0.000000,0,0,0
1604546789545111040,52,0.000000,0.000000,231.399994,21.799999,1,7.000000,22,19,24,24,0,27,17,1,3,0,0.000000,0.000000,0.000000,0.000000,0.000000,0,0,0
1604546789545584896,53,0.000000,-0.250000,133.399994,-2.000000,1,-0.500000,19,18,20,20,0,20,17,2,7,0,0.000000,0.000000,0.000000,0.000000,0.000000,0,0,0
1604546789546072064,54,0.000000,0.000000,93.400002,14.000000,1,22.000000,17,17,18,19,0,20,17,2,7,0,0.000000,0.000000,0.000000,0.000000,0.000000,0,0,0
1604546789546534912,55,0.000000,0.000000,213.600006,-0.600000,1,18.000000,17,17,19,20,0,20,17,2,7,0,0.000000,0.000000,0.000000,0.000000,0.000000,0,0,0
1604546789546996992,56,0.000000,0.000000,40.400002,21.400000,1,28.500000,17,18,19,19,0,20,17,2,7,0,0.000000,0.000000,0.000000,0.000000,0.000000,0,0,0
1604546789547459072,57,0.000000,-0.250000,57.599998,-34.400002,1,15.000000,20,19,21,24,0,27,17,1,3,0,0.000000,0.000000,0.000000,0.000000,0.000000,0,0,0
1604546789547928064,58,0.000000,0.000000,119.800003,-2.200000,1,16.000000,17,17,19,19,0,20,17,2,7,0,0.000000,0.000000,0.000000,0.000000,0.000000,0,0,0
1604546789548386048,59,0.000000,0.000000,38.400002,18.600000,1,14.500000,17,18,18,19,0,20,17,2,7,0,0.000000,0.000000,0.000000,0.000000,0.000000,0,0,0
1604546789548850944,60,0.000000,0.000000,79.199997,38.000000,1,18.500000,17,18,19,19,0,20,17,2,7,0,0.000000,0.000000,0.000000,0.000000,0.000000,0,0,0
1604546789549318912,61,0.000000,0.000000,4.800000,-4.600000,1,-6.000000,17,18,18,19,0,21,17,2,7,0,0.000000,0.000000,0.000000,0.000000,0.000000,0,0,0
1604546789549787904,62,0.000000,0.000000,96.199997,15.400000,1,-1.000000,20,20,20,23,0,24,17,2,5,0,0.000000,0.000000,0.000000,0.000000,0.000000,0,0,0
1604546789550264064,63,0.000000,0.000000,13.200000,-4.600000,1,4.500000,17,18,18,19,0,20,17,2,7,0,0.000000,0.000000,0.000000,0.000000,0.000000,0,0,0
1604546789550713088,64,0.000000,0.250000,220.600006,1.800000,1,22.500000,18,18,20,21,0,20,17,2,7,0,0.000000,0.000000,0.000000,0.000000,0.000000,0,0,0
1604546789551162880,65,0.000000,0.000000,151.399994,-2.000000,1,13.000000,17,18,18,19,0,20,17,2,7,0,0.000000,0.000000,0.000000,0.000000,0.000000,0,0,0
1604546789551607040,66,0.000000,0.250000,134.000000,16.799999,1,-1.000000,18,18,21,20,0,20,17,2,7,0,0.000000,0.000000,0.000000,0.000000,0.000000,0,0,0
1604546789552054016,67,0.000000,0.000000,49.000000,-3.800000,1,10.000000,16,17,18,19,0,20,17,2,7,0,0.000000,0.000000,0.000000,0.000000,0.000000,0,0,0
1604546789552502016,68,0.000000,0.000000,35.799999,22.400000,1,15.000000,18,19,19,19,0,21,17,2,6,0,0.000000,0.000000,0.000000,0.000000,0.000000,0,0,0
1604546789552958976,69,0.000000,0.000000,76.000000,13.000000,1,9.000000,17,17,18,19,0,20,17,2,7,0,0.000000,0.000000,0.000000,0.000000,0.000000,0,0,0
1604546789553403904,70,0.000000,0.000000,71.800003,-3.200000,1,11.500000,17,19,19,19,0,21,17,2,5,0,0.000000,0.000000,0.000000,0.000000,0.000000,0,0,0
1604546789553857024,71,0.000000,-0.250000,52.799999,-3.400000,1,12.000000,17,18,18,19,0,20,17,2,7,0,0.000000,0.000000,0.000000,0.000000,0.000000,0,0,0
1604546789554313984,72,0.000000,0.000000,191.199997,0.200000,1,16.500000,18,19,20,20,0,21,17,3,6,0,0.000000,0.000000,0.000000,0.000000,0.000000,0,0,0
1604546789554756096,73,0.000000,0.000000,16.000000,12.400000,1,6.500000,17,18,18,19,0,20,17,2,7,0,0.000000,0.000000,0.000000,0.000000,0.000000,0,0,0
1604546789555196928,74,0.000000,-0.250000,43.000000,22.200001,1,15.000000,18,18,19,19,0,21,17,2,7,0,0.000000,0.000000,0.000000,0.000000,0.000000,0,0,0
1604546789555644928,75,0.000000,0.000000,237.399994,-13.000000,1,3.000000,20,19,21,24,0,27,17,1,3,0,0.000000,0.000000,0.000000,0.000000,0.000000,0,0,0
1604546789556093952,76,0.000000,-1.500000,82.599998,-2.400000,1,11.000000,18,19,20,22,0,21,17,3,6,0,0.000000,0.000000,0.000000,0.000000,0.000000,0,0,0
1604546789556532992,77,0.000000,0.000000,83.599998,13.800000,1,17.000000,17,18,18,19,0,20,17,2,7,0,0.000000,0.000000,0.000000,0.000000,0.000000,0,0,0
1604546789556992000,78,0.000000,0.000000,109.599998,-1.600000,1,0.000000,21,23,21,23,0,26,17,2,3,0,0.000000,0.000000,0.000000,0.000000,0.000000,0,0,0
1604546789557446912,82,0.000000,0.000000,58.799999,-3.200000,1,13.500000,17,17,18,19,0,20,17,2,7,0,0.000000,0.000000,0.000000,0.000000,0.000000,0,0,0
1604546789557895936,84,0.000000,0.000000,27.600000,-12.400000,1,0.500000,17,18,18,19,0,20,17,2,7,0,0.000000,0.000000,0.000000,0.000000,0.000000,0,0,0
1604546789558359040,86,0.000000,0.000000,21.200001,14.200000,1,7.500000,17,18,18,19,0,20,17,2,7,0,0.000000,0.000000,0.000000,0.000000,0.000000,0,0,0
1604546789558788096,88,0.000000,0.000000,37.400002,-12.800000,1,10.000000,17,18,18,19,0,20,17,2,7,0,0.000000,0.000000,0.000000,0.000000,0.000000,0,0,0
1604546789595750912,0,0.000000,0.250000,206.600006,0.800000,1,18.000000,0,0,0,0,0,0,0,0,0,0,0.000000,0.000000,0.000000,0.000000,0.000000,0,0,0
1604546789596209920,1,0.000000,0.000000,46.599998,-4.600000,1,8.500000,0,0,0,0,0,0,0,0,0,0,0.000000,0.000000,0.000000,0.000000,0.000000,0,0,0
1604546789596684032,2,0.000000,0.000000,123.800003,12.400000,6,11.000000,0,0,0,0,0,0,0,0,0,0,0.000000,0.000000,0.000000,0.000000,0.000000,0,0,0
1604546789597146112,3,0.000000,0.000000,187.199997,-1.000000,1,18.500000,0,0,0,0,0,0,0,0,0,0,0.000000,0.000000,0.000000,0.000000,0.000000,0,0,0
1604546789597618944,4,0.000000,0.500000,138.800003,18.799999,1,3.500000,0,0,0,0,0,0,0,0,0,0,0.000000,0.000000,0.000000,0.000000,0.000000,0,0,0
1604546789598103040,5,0.000000,0.000000,217.399994,16.600000,1,29.000000,0,0,0,0,0,0,0,0,0,0,0.000000,0.000000,0.000000,0.000000,0.000000,0,0,0
1604546789598554880,6,3.250000,0.250000,204.399994,8.000000,0,27.000000,0,0,0,0,0,0,0,0,0,0,0.000000,0.000000,0.000000,0.000000,0.000000,0,0,0
1604546789599023104,7,0.000000,0.000000,78.400002,-2.800000,1,15.500000,0,0,0,0,0,0,0,0,0,0,0.000000,0.000000,0.000000,0.000000,0.000000,0,0,0
1604546789599496960,8,0.000000,0.000000,20.799999,-6.200000,1,6.500000,0,0,0,0,0,0,0,0,0,0,0.000000,0.000000,0.000000,0.000000,0.000000,0,0,0
1604546789599993088,9,0.000000,0.000000,27.200001,27.400000,1,6.000000,0,0,0,0,0,0,0,0,0,0,0.000000,0.000000,0.000000,0.000000,0.000000,0,0,0
1604546789600434944,10,0.000000,0.000000,43.599998,-5.000000,1,10.000000,0,0,0,0,0,0,0,0,0,0,0.000000,0.000000,0.000000,0.000000,0.000000,0,0,0
1604546789600904960,11,0.000000,0.000000,69.599998,22.000000,1,8.500000,0,0,0,0,0,0,0,0,0,0,0.000000,0.000000,0.000000,0.000000,0.000000,0,0,0
1604546789601371904,12,0.000000,0.000000,67.199997,-3.000000,1,14.500000,0,0,0,0,0,0,0,0,0,0,0.000000,0.000000,0.000000,0.000000,0.000000,0,0,0
1604546789601844992,13,0.000000,-0.500000,156.600006,20.799999,1,6.000000,0,0,0,0,0,0,0,0,0,0,0.000000,0.000000,0.000000,0.000000,0.000000,0,0,0
1604546789602313984,14,0.000000,0.000000,37.599998,28.600000,1,16.000000,0,0,0,0,0,0,0,0,0,0,0.000000,0.000000,0.000000,0.000000,0.000000,0,0,0
1604546789602780928,15,0.000000,0.000000,120.599998,14.800000,1,14.500000,0,0,0,0,0,0,0,0,0,0,0.000000,0.000000,0.000000,0.000000,0.000000,0,0,0
1604546789603250944,16,0.000000,0.000000,88.400002,-2.200000,1,14.500000,0,0,0,0,0,0,0,0,0,0,0.000000,0.000000,0.000000,0.000000,0.000000,0,0,0
1604546789603716096,17,0.000000,0.000000,6.400000,-4.400000,1,2.000000,0,0,0,0,0,0,0,0,0,0,0.000000,0.000000,0.000000,0.000000,0.000000,0,0,0
1604546789604183040,18,0.000000,0.000000,59.799999,13.200000,1,12.000000,0,0,0,0,0,0,0,0,0,0,0.000000,0.000000,0.000000,0.000000,0.000000,0,0,0
1604546789604652032,19,0.000000,0.250000,113.400002,15.200000,1,0.500000,0,0,0,0,0,0,0,0,0,0,0.000000,0.000000,0.000000,0.000000,0.000000,0,0,0
1604546789605114112,20,0.000000,0.000000,57.400002,13.400000,1,13.000000,0,0,0,0,0,0,0,0,0,0,0.000000,0.000000,0.000000,0.000000,0.000000,0,0,0
1604546789605585920,21,0.000000,0.000000,32.599998,-18.400000,1,3.500000,0,0,0,0,0,0,0,0,0,0,0.000000,0.000000,0.000000,0.000000,0.000000,0,0,0
1604546789606052096,22,0.000000,-0.250000,72.199997,14.200000,1,11.500000,0,0,0,0,0,0,0,0,0,0,0.000000,0.000000,0.000000,0.000000,0.000000,0,0,0
1604546789606522112,23,0.000000,0.000000,16.799999,-4.600000,1,1.500000,0,0,0,0,0,0,0,0,0,0,0.000000,0.000000,0.000000,0.000000,0.000000,0,0,0
1604546789606991104,24,0.000000,0.000000,64.000000,-3.400000,1,9.000000,0,0,0,0,0,0,0,0,0,0,0.000000,0.000000,0.000000,0.000000,0.000000,0,0,0
1604546789607461888,25,0.000000,0.000000,87.800003,14.000000,1,13.000000,0,0,0,0,0,0,0,0,0,0,0.000000,0.000000,0.000000,0.000000,0.000000,0,0,0
1604546789607929088,26,0.000000,0.000000,75.599998,23.200001,1,9.500000,0,0,0,0,0,0,0,0,0,0,0.000000,0.000000,0.000000,0.000000,0.000000,0,0,0
1604546789608391936,27,0.000000,1.000000,151.000000,16.600000,1,4.000000,0,0,0,0,0,0,0,0,0,0,0.000000,0.000000,0.000000,0.000000,0.000000,0,0,0
1604546789608858880,28,0.000000,0.000000,210.199997,16.600000,1,33.000000,0,0,0,0,0,0,0,0,0,0,0.000000,0.000000,0.000000,0.000000,0.000000,0,0,0
1604546789609327104,29,0.000000,0.000000,79.599998,13.600000,1,12.000000,0,0,0,0,0,0,0,0,0,0,0.000000,0.000000,0.000000,0.000000,0.000000,0,0,0
1604546789609792000,30,0.000000,-0.250000,142.600006,14.400000,1,2.000000,0,0,0,0,0,0,0,0,0,0,0.000000,0.000000,0.000000,0.000000,0.000000,0,0,0
1604546789610264064,31,0.000000,0.000000,64.199997,13.000000,1,12.000000,0,0,0,0,0,0,0,0,0,0,0.000000,0.000000,0.000000,0.000000,0.000000,0,0,0
1604546789610735104,32,0.000000,0.000000,90.800003,-0.800000,1,8.500000,0,0,0,0,0,0,0,0,0,0,0.000000,0.000000,0.000000,0.000000,0.000000,0,0,0
1604546789611202048,33,0.000000,0.000000,54.599998,13.200000,1,19.000000,0,0,0,0,0,0,0,0,0,0,0.000000,0.000000,0.000000,0.000000,0.000000,0,0,0
1604546789611694080,34,0.000000,0.000000,202.800003,16.799999,1,30.000000,0,0,0,0,0,0,0,0,0,0,0.000000,0.000000,0.000000,0.000000,0.000000,0,0,0
1604546789612140032,35,0.000000,0.000000,49.400002,12.600000,1,13.500000,0,0,0,0,0,0,0,0,0,0,0.000000,0.000000,0.000000,0.000000,0.000000,0,0,0
1604546789612611072,37,0.000000,0.000000,191.800003,16.600000,1,28.500000,0,0,0,0,0,0,0,0,0,0,0.000000,0.000000,0.000000,0.000000,0.000000,0,0,0
1604546789613084928,38,0.000000,0.000000,84.400002,-2.200000,1,15.500000,0,0,0,0,0,0,0,0,0,0,0.000000,0.000000,0.000000,0.000000,0.000000,0,0,0
1604546789613544960,39,0.000000,0.000000,25.799999,-10.000000,1,-2.500000,0,0,0,0,0,0,0,0,0,0,0.000000,0.000000,0.000000,0.000000,0.000000,0,0,0
1604546789614014976,40,0.000000,0.000000,169.800003,1.600000,1,21.000000,0,0,0,0,0,0,0,0,0,0,0.000000,0.000000,0.000000,0.000000,0.000000,0,0,0
1604546789614477056,41,0.000000,0.000000,128.600006,17.600000,1,-1.000000,0,0,0,0,0,0,0,0,0,0,0.000000,0.000000,0.000000,0.000000,0.000000,0,0,0
1604546789614958080,42,0.000000,0.000000,39.000000,-9.200000,1,9.000000,0,0,0,0,0,0,0,0,0,0,0.000000,0.000000,0.000000,0.000000,0.000000,0,0,0
1604546789615437056,43,0.000000,0.250000,52.799999,13.800000,1,9.000000,0,0,0,0,0,0,0,0,0,0,0.000000,0.000000,0.000000,0.000000,0.000000,0,0,0
1604546789615860992,44,0.000000,0.000000,196.800003,0.600000,1,21.000000,0,0,0,0,0,0,0,0,0,0,0.000000,0.000000,0.000000,0.000000,0.000000,0,0,0
1604546789616328960,45,0.000000,0.000000,27.000000,21.400000,1,0.500000,0,0,0,0,0,0,0,0,0,0,0.000000,0.000000,0.000000,0.000000,0.000000,0,0,0
1604546789616796928,46,0.000000,0.000000,105.199997,14.600000,1,0.500000,0,0,0,0,0,0,0,0,0,0,0.000000,0.000000,0.000000,0.000000,0.000000,0,0,0
1604546789617242112,47,0.000000,0.000000,68.199997,13.400000,1,11.000000,0,0,0,0,0,0,0,0,0,0,0.000000,0.000000,0.000000,0.000000,0.000000,0,0,0
1604546789617693952,48,0.000000,0.000000,86.400002,-2.400000,1,22.500000,0,0,0,0,0,0,0,0,0,0,0.000000,0.000000,0.000000,0.000000,0.000000,0,0,0
1604546789618146048,49,0.000000,0.000000,73.800003,10.200000,1,18.500000,0,0,0,0,0,0,0,0,0,0,0.000000,0.000000,0.000000,0.000000,0.000000,0,0,0
1604546789618595072,50,0.000000,0.000000,92.599998,-2.400000,1,12.000000,0,0,0,0,0,0,0,0,0,0,0.000000,0.000000,0.000000,0.000000,0.000000,0,0,0
1604546789619047936,51,0.000000,0.000000,183.000000,16.600000,1,24.000000,0,0,0,0,0,0,0,0,0,0,0.000000,0.000000,0.000000,0.000000,0.000000,0,0,0
1604546789619502080,52,0.000000,0.250000,231.399994,21.799999,1,6.500000,0,0,0,0,0,0,0,0,0,0,0.000000,0.000000,0.000000,0.000000,0.000000,0,0,0
1604546789619950080,53,0.000000,-0.250000,133.399994,-2.000000,1,-0.500000,0,0,0,0,0,0,0,0,0,0,0.000000,0.000000,0.000000,0.000000,0.000000,0,0,0
1604546789620400896,54,0.000000,0.000000,93.400002,14.000000,1,22.000000,0,0,0,0,0,0,0,0,0,0,0.000000,0.000000,0.000000,0.000000,0.000000,0,0,0
1604546789620854016,55,0.000000,0.000000,213.600006,-0.600000,1,18.000000,0,0,0,0,0,0,0,0,0,0,0.000000,0.000000,0.000000,0.000000,0.000000,0,0,0
1604546789621300992,56,0.000000,0.000000,40.400002,21.400000,1,29.000000,0,0,0,0,0,0,0,0,0,0,0.000000,0.000000,0.000000,0.000000,0.000000,0,0,0
1604546789621762048,57,0.000000,-0.250000,57.599998,-34.400002,1,15.000000,0,0,0,0,0,0,0,0,0,0,0.000000,0.000000,0.000000,0.000000,0.000000,0,0,0
1604546789622196992,58,0.000000,0.000000,119.800003,-2.200000,1,16.000000,0,0,0,0,0,0,0,0,0,0,0.000000,0.000000,0.000000,0.000000,0.000000,0,0,0
1604546789622647040,59,0.000000,0.000000,38.400002,18.600000,1,15.000000,0,0,0,0,0,0,0,0,0,0,0.000000,0.000000,0.000000,0.000000,0.000000,0,0,0
1604546789623092992,60,0.000000,0.000000,79.199997,38.000000,1,18.500000,0,0,0,0,0,0,0,0,0,0,0.000000,0.000000,0.000000,0.000000,0.000000,0,0,0
1604546789623543040,61,0.000000,0.000000,4.800000,-4.600000,1,-6.000000,0,0,0,0,0,0,0,0,0,0,0.000000,0.000000,0.000000,0.000000,0.000000,0,0,0
1604546789623994112,62,0.000000,0.000000,96.199997,15.400000,1,-1.000000,0,0,0,0,0,0,0,0,0,0,0.000000,0.000000,0.000000,0.000000,0.000000,0,0,0
1604546789624448000,63,0.000000,0.000000,13.200000,-4.600000,1,4.500000,0,0,0,0,0,0,0,0,0,0,0.000000,0.000000,0.000000,0.000000,0.000000,0,0,0
1604546789624890112,64,0.000000,0.250000,220.600006,1.800000,1,23.000000,0,0,0,0,0,0,0,0,0,0,0.000000,0.000000,0.000000,0.000000,0.000000,0,0,0
1604546789625340928,65,0.000000,0.000000,151.399994,-2.000000,1,12.500000,0,0,0,0,0,0,0,0,0,0,0.000000,0.000000,0.000000,0.000000,0.000000,0,0,0
1604546789625782016,66,0.000000,0.250000,134.000000,16.799999,1,-1.000000,0,0,0,0,0,0,0,0,0,0,0.000000,0.000000,0.000000,0.000000,0.000000,0,0,0
1604546789626236928,67,0.000000,0.000000,49.000000,-3.800000,1,10.500000,0,0,0,0,0,0,0,0,0,0,0.000000,0.000000,0.000000,0.000000,0.000000,0,0,0
1604546789626705920,68,0.000000,0.000000,35.799999,22.400000,1,15.500000,0,0,0,0,0,0,0,0,0,0,0.000000,0.000000,0.000000,0.000000,0.000000,0,0,0
1604546789627128064,69,0.000000,0.000000,76.000000,13.000000,1,9.000000,0,0,0,0,0,0,0,0,0,0,0.000000,0.000000,0.000000,0.000000,0.000000,0,0,0
1604546789627575040,70,0.000000,0.000000,71.800003,-3.400000,1,11.500000,0,0,0,0,0,0,0,0,0,0,0.000000,0.000000,0.000000,0.000000,0.000000,0,0,0
1604546789628026112,71,0.000000,-0.250000,52.799999,-3.400000,1,12.500000,0,0,0,0,0,0,0,0,0,0,0.000000,0.000000,0.000000,0.000000,0.000000,0,0,0
1604546789628475904,72,0.000000,0.000000,191.199997,0.200000,1,16.500000,0,0,0,0,0,0,0,0,0,0,0.000000,0.000000,0.000000,0.000000,0.000000,0,0,0
1604546789628919040,73,0.000000,0.000000,16.000000,12.400000,1,6.500000,0,0,0,0,0,0,0,0,0,0,0.000000,0.000000,0.000000,0.000000,0.000000,0,0,0
1604546789629360896,74,0.000000,-0.250000,43.000000,22.200001,1,15.000000,0,0,0,0,0,0,0,0,0,0,0.000000,0.000000,0.000000,0.000000,0.000000,0,0,0
1604546789629807104,75,0.000000,0.000000,237.399994,-13.000000,1,3.000000,0,0,0,0,0,0,0,0,0,0,0.000000,0.000000,0.000000,0.000000,0.000000,0,0,0
1604546789630255104,76,0.000000,-0.750000,82.599998,-2.400000,1,10.500000,0,0,0,0,0,0,0,0,0,0,0.000000,0.000000,0.000000,0.000000,0.000000,0,0,0
1604546789630700032,77,0.000000,0.000000,83.599998,13.800000,1,17.000000,0,0,0,0,0,0,0,0,0,0,0.000000,0.000000,0.000000,0.000000,0.000000,0,0,0
1604546789631154944,78,0.000000,0.000000,109.599998,-1.600000,1,0.000000,0,0,0,0,0,0,0,0,0,0,0.000000,0.000000,0.000000,0.000000,0.000000,0,0,0
1604546789631609088,82,0.000000,0.000000,58.599998,-3.200000,1,13.500000,0,0,0,0,0,0,0,0,0,0,0.000000,0.000000,0.000000,0.000000,0.000000,0,0,0
1604546789632057088,84,0.000000,0.000000,27.600000,-12.400000,1,0.500000,0,0,0,0,0,0,0,0,0,0,0.000000,0.000000,0.000000,0.000000,0.000000,0,0,0
1604546789632500992,86,0.000000,0.000000,21.200001,14.200000,1,7.500000,0,0,0,0,0,0,0,0,0,0,0.000000,0.000000,0.000000,0.000000,0.000000,0,0,0
1604546789632950016,88,0.000000,0.000000,37.400002,-12.800000,1,10.500000,0,0,0,0,0,0,0,0,0,0,0.000000,0.000000,0.000000,0.000000,0.000000,0,0,0
1604546789666071040,0,0.000000,0.000000,247.199997,-13.400000,1,2.500000,0,0,0,0,0,0,0,0,0,0,0.000000,0.000000,0.000000,0.000000,0.000000,0,0,0
1604546789666536960,1,0.000000,0.000000,46.599998,-4.600000,1,9.000000,0,0,0,0,0,0,0,0,0,0,0.000000,0.000000,0.000000,0.000000,0.000000,0,0,0
1604546789667013120,2,0.000000,0.000000,123.800003,12.400000,6,11.000000,0,0,0,0,0,0,0,0,0,0,0.000000,0.000000,0.000000,0.000000,0.000000,0,0,0
1604546789667489024,3,0.000000,0.000000,187.199997,-1.000000,1,18.500000,0,0,0,0,0,0,0,0,0,0,0.000000,0.000000,0.000000,0.000000,0.000000,0,0,0
1604546789667943936,4,0.000000,0.250000,138.800003,18.799999,1,3.000000,0,0,0,0,0,0,0,0,0,0,0.000000,0.000000,0.000000,0.000000,0.000000,0,0,0
1604546789668410112,5,0.000000,0.000000,217.399994,16.799999,1,29.000000,0,0,0,0,0,0,0,0,0,0,0.000000,0.000000,0.000000,0.000000,0.000000,0,0,0
1604546789668877056,6,3.000000,0.250000,204.600006,8.200000,0,27.000000,0,0,0,0,0,0,0,0,0,0,0.000000,0.000000,0.000000,0.000000,0.000000,0,0,0
1604546789669353984,7,0.000000,0.000000,78.400002,-2.800000,1,15.000000,0,0,0,0,0,0,0,0,0,0,0.000000,0.000000,0.000000,0.000000,0.000000,0,0,0
1604546789669853952,8,0.000000,0.000000,20.799999,-6.000000,1,6.500000,0,0,0,0,0,0,0,0,0,0,0.000000,0.000000,0.000000,0.000000,0.000000,0,0,0
1604546789670326016,9,0.000000,0.000000,27.200001,27.400000,1,6.000000,0,0,0,0,0,0,0,0,0,0,0.000000,0.000000,0.000000,0.000000,0.000000,0,0,0
1604546789670769920,10,0.000000,0.000000,43.599998,-5.000000,1,10.000000,0,0,0,0,0,0,0,0,0,0,0.000000,0.000000,0.000000,0.000000,0.000000,0,0,0
1604546789671229952,11,0.000000,0.000000,69.599998,22.000000,1,8.500000,0,0,0,0,0,0,0,0,0,0,0.000000,0.000000,0.000000,0.000000,0.000000,0,0,0
1604546789671696896,12,0.000000,0.000000,67.199997,-2.800000,1,14.500000,0,0,0,0,0,0,0,0,0,0,0.000000,0.000000,0.000000,0.000000,0.000000,0,0,0
1604546789672165888,13,0.000000,-0.500000,156.600006,20.799999,1,6.000000,0,0,0,0,0,0,0,0,0,0,0.000000,0.000000,0.000000,0.000000,0.000000,0,0,0
1604546789672633088,14,0.000000,0.000000,37.599998,28.600000,1,16.000000,0,0,0,0,0,0,0,0,0,0,0.000000,0.000000,0.000000,0.000000,0.000000,0,0,0
1604546789673103872,15,0.000000,0.000000,120.599998,14.800000,1,14.500000,0,0,0,0,0,0,0,0,0,0,0.000000,0.000000,0.000000,0.000000,0.000000,0,0,0
1604546789673579008,16,0.000000,0.000000,88.400002,-2.200000,1,14.500000,0,0,0,0,0,0,0,0,0,0,0.000000,0.000000,0.000000,0.000000,0.000000,0,0,0
1604546789674053120,17,0.000000,0.000000,6.400000,-4.400000,1,2.500000,0,0,0,0,0,0,0,0,0,0,0.000000,0.000000,0.000000,0.000000,0.000000,0,0,0
1604546789674518016,18,0.000000,0.000000,59.799999,13.200000,1,12.000000,0,0,0,0,0,0,0,0,0,0,0.000000,0.000000,0.000000,0.000000,0.000000,0,0,0
1604546789674978048,19,0.000000,0.250000,113.400002,15.200000,1,0.500000,0,0,0,0,0,0,0,0,0,0,0.000000,0.000000,0.000000,0.000000,0.000000,0,0,0
1604546789675446016,20,0.000000,0.000000,57.400002,13.400000,1,13.000000,0,0,0,0,0,0,0,0,0,0,0.000000,0.000000,0.000000,0.000000,0.000000,0,0,0
1604546789675910912,21,0.000000,0.000000,32.599998,-18.400000,1,1.000000,0,0,0,0,0,0,0,0,0,0,0.000000,0.000000,0.000000,0.000000,0.000000,0,0,0
1604546789676391936,22,0.000000,-0.250000,72.199997,14.200000,1,11.500000,0,0,0,0,0,0,0,0,0,0,0.000000,0.000000,0.000000,0.000000,0.000000,0,0,0
1604546789676844032,23,0.000000,0.000000,16.799999,-4.600000,1,1.500000,0,0,0,0,0,0,0,0,0,0,0.000000,0.000000,0.000000,0.000000,0.000000,0,0,0
1604546789677312000,24,0.000000,0.000000,64.000000,-3.400000,1,9.000000,0,0,0,0,0,0,0,0,0,0,0.000000,0.000000,0.000000,0.000000,0.000000,0,0,0
1604546789677806080,25,0.000000,0.000000,87.800003,14.000000,1,13.000000,0,0,0,0,0,0,0,0,0,0,0.000000,0.000000,0.000000,0.000000,0.000000,0,0,0
1604546789678248960,26,0.000000,0.000000,75.599998,23.200001,1,9.500000,0,0,0,0,0,0,0,0,0,0,0.000000,0.000000,0.000000,0.000000,0.000000,0,0,0
1604546789678716928,27,0.000000,1.000000,151.000000,16.600000,1,4.000000,0,0,0,0,0,0,0,0,0,0,0.000000,0.000000,0.000000,0.000000,0.000000,0,0,0
1604546789679205888,28,0.000000,0.000000,210.199997,16.600000,1,33.000000,0,0,0,0,0,0,0,0,0,0,0.000000,0.000000,0.000000,0.000000,0.000000,0,0,0
1604546789679653888,29,0.000000,0.000000,79.599998,13.600000,1,12.500000,0,0,0,0,0,0,0,0,0,0,0.000000,0.000000,0.000000,0.000000,0.000000,0,0,0
1604546789680123904,30,0.000000,-0.250000,142.600006,14.400000,1,0.500000,0,0,0,0,0,0,0,0,0,0,0.000000,0.000000,0.000000,0.000000,0.000000,0,0,0
1604546789680602880,31,0.000000,0.000000,64.199997,13.000000,1,12.000000,0,0,0,0,0,0,0,0,0,0,0.000000,0.000000,0.000000,0.000000,0.000000,0,0,0
1604546789681072896,32,0.000000,0.000000,90.800003,-0.800000,1,8.500000,0,0,0,0,0,0,0,0,0,0,0.000000,0.000000,0.000000,0.000000,0.000000,0,0,0
1604546789681539072,33,0.000000,0.000000,54.599998,13.200000,1,19.000000,0,0,0,0,0,0,0,0,0,0,0.000000,0.000000,0.000000,0.000000,0.000000,0,0,0
1604546789682002944,34,0.000000,0.000000,202.800003,16.799999,1,30.500000,0,0,0,0,0,0,0,0,0,0,0.000000,0.000000,0.000000,0.000000,0.000000,0,0,0
1604546789682468096,35,0.000000,0.000000,49.400002,12.600000,1,13.500000,0,0,0,0,0,0,0,0,0,0,0.000000,0.000000,0.000000,0.000000,0.000000,0,0,0
1604546789682958080,36,0.000000,0.000000,52.799999,-58.000000,1,30.500000,0,0,0,0,0,0,0,0,0,0,0.000000,0.000000,0.000000,0.000000,0.000000,0,0,0
1604546789683404032,37,0.000000,0.000000,191.800003,16.600000,1,28.000000,0,0,0,0,0,0,0,0,0,0,0.000000,0.000000,0.000000,0.000000,0.000000,0,0,0
1604546789683868928,38,0.000000,0.000000,84.400002,-2.200000,1,15.000000,0,0,0,0,0,0,0,0,0,0,0.000000,0.000000,0.000000,0.000000,0.000000,0,0,0
1604546789684331008,39,0.000000,0.000000,25.799999,-10.000000,1,-2.500000,0,0,0,0,0,0,0,0,0,0,0.000000,0.000000,0.000000,0.000000,0.000000,0,0,0
1604546789684805120,40,0.000000,0.000000,169.800003,1.800000,1,20.500000,0,0,0,0,0,0,0,0,0,0,0.000000,0.000000,0.000000,0.000000,0.000000,0,0,0
1604546789685274880,41,0.000000,0.000000,128.600006,17.600000,1,0.000000,0,0,0,0,0,0,0,0,0,0,0.000000,0.000000,0.000000,0.000000,0.000000,0,0,0
1604546789685737984,42,0.000000,0.000000,39.000000,-9.200000,1,9.000000,0,0,0,0,0,0,0,0,0,0,0.000000,0.000000,0.000000,0.000000,0.000000,0,0,0
1604546789686206976,43,0.000000,0.250000,52.799999,14.000000,1,9.000000,0,0,0,0,0,0,0,0,0,0,0.000000,0.000000,0.000000,0.000000,0.000000,0,0,0
1604546789686672896,44,0.000000,0.000000,196.800003,0.600000,1,21.000000,0,0,0,0,0,0,0,0,0,0,0.000000,0.000000,0.000000,0.000000,0.000000,0,0,0
1604546789687136000,45,0.000000,0.000000,27.000000,21.400000,1,0.500000,0,0,0,0,0,0,0,0,0,0,0.000000,0.000000,0.000000,0.000000,0.000000,0,0,0
1604546789687601920,46,0.000000,0.000000,105.199997,14.400000,1,1.000000,0,0,0,0,0,0,0,0,0,0,0.000000,0.000000,0.000000,0.000000,0.000000,0,0,0
1604546789688069888,47,0.000000,0.000000,68.199997,13.400000,1,11.000000,0,0,0,0,0,0,0,0,0,0,0.000000,0.000000,0.000000,0.000000,0.000000,0,0,0
1604546789688537088,48,0.000000,0.000000,86.400002,-2.400000,1,22.500000,0,0,0,0,0,0,0,0,0,0,0.000000,0.000000,0.000000,0.000000,0.000000,0,0,0
1604546789689006080,49,0.000000,0.000000,73.800003,10.400000,1,18.500000,0,0,0,0,0,0,0,0,0,0,0.000000,0.000000,0.000000,0.000000,0.000000,0,0,0
1604546789689476096,50,0.000000,0.000000,92.599998,-2.400000,1,12.000000,0,0,0,0,0,0,0,0,0,0,0.000000,0.000000,0.000000,0.000000,0.000000,0,0,0
1604546789689942016,51,0.000000,0.000000,183.000000,16.600000,1,24.000000,0,0,0,0,0,0,0,0,0,0,0.000000,0.000000,0.000000,0.000000,0.000000,0,0,0
1604546789690406912,52,0.000000,0.250000,231.399994,22.000000,1,6.500000,0,0,0,0,0,0,0,0,0,0,0.000000,0.000000,0.000000,0.000000,0.000000,0,0,0
1604546789690896896,53,0.000000,-0.250000,133.399994,-2.000000,1,0.000000,0,0,0,0,0,0,0,0,0,0,0.000000,0.000000,0.000000,0.000000,0.000000,0,0,0
1604546789691346944,54,0.000000,0.000000,93.400002,14.000000,1,22.000000,0,0,0,0,0,0,0,0,0,0,0.000000,0.000000,0.000000,0.000000,0.000000,0,0,0
1604546789691824896,55,0.000000,0.000000,213.600006,-0.400000,1,18.000000,0,0,0,0,0,0,0,0,0,0,0.000000,0.000000,0.000000,0.000000,0.000000,0,0,0
1604546789692284928,56,0.000000,0.000000,40.400002,21.400000,1,30.000000,0,0,0,0,0,0,0,0,0,0,0.000000,0.000000,0.000000,0.000000,0.000000,0,0,0
1604546789692752896,57,0.000000,-0.250000,57.599998,-34.400002,1,15.000000,0,0,0,0,0,0,0,0,0,0,0.000000,0.000000,0.000000,0.000000,0.000000,0,0,0
1604546789693227008,58,0.000000,0.000000,119.800003,-2.400000,1,16.000000,0,0,0,0,0,0,0,0,0,0,0.000000,0.000000,0.000000,0.000000,0.000000,0,0,0
1604546789693692928,59,0.000000,0.000000,38.400002,18.799999,1,15.000000,0,0,0,0,0,0,0,0,0,0,0.000000,0.000000,0.000000,0.000000,0.000000,0,0,0
1604546789694157056,60,0.000000,0.000000,79.199997,38.000000,1,18.500000,0,0,0,0,0,0,0,0,0,0,0.000000,0.000000,0.000000,0.000000,0.000000,0,0,0
1604546789694632960,61,0.000000,0.000000,4.800000,-4.600000,1,-6.000000,0,0,0,0,0,0,0,0,0,0,0.000000,0.000000,0.000000,0.000000,0.000000,0,0,0
1604546789695100928,63,0.000000,0.000000,13.200000,-4.600000,1,4.500000,0,0,0,0,0,0,0,0,0,0,0.000000,0.000000,0.000000,0.000000,0.000000,0,0,0
1604546789695563008,64,0.000000,0.000000,220.600006,1.600000,1,23.000000,0,0,0,0,0,0,0,0,0,0,0.000000,0.000000,0.000000,0.000000,0.000000,0,0,0
1604546789696028928,65,0.000000,0.000000,151.399994,-2.000000,1,12.500000,0,0,0,0,0,0,0,0,0,0,0.000000,0.000000,0.000000,0.000000,0.000000,0,0,0
1604546789696507904,66,0.000000,0.250000,134.000000,16.799999,1,1.000000,0,0,0,0,0,0,0,0,0,0,0.000000,0.000000,0.000000,0.000000,0.000000,0,0,0
1604546789696946944,67,0.000000,0.000000,49.000000,-3.800000,1,10.500000,0,0,0,0,0,0,0,0,0,0,0.000000,0.000000,0.000000,0.000000,0.000000,0,0,0
1604546789697415936,68,0.000000,0.000000,35.799999,22.400000,1,15.000000,0,0,0,0,0,0,0,0,0,0,0.000000,0.000000,0.000000,0.000000,0.000000,0,0,0
1604546789697882112,69,0.000000,0.000000,76.000000,13.200000,1,9.000000,0,0,0,0,0,0,0,0,0,0,0.000000,0.000000,0.000000,0.000000,0.000000,0,0,0
1604546789698333952,70,0.000000,0.000000,71.800003,-3.200000,1,11.000000,0,0,0,0,0,0,0,0,0,0,0.000000,0.000000,0.000000,0.000000,0.000000,0,0,0
1604546789698779904,71,0.000000,-0.250000,52.799999,-3.400000,1,13.000000,0,0,0,0,0,0,0,0,0,0,0.000000,0.000000,0.000000,0.000000,0.000000,0,0,0
1604546789699235072,72,0.000000,0.000000,191.199997,0.200000,1,16.500000,0,0,0,0,0,0,0,0,0,0,0.000000,0.000000,0.000000,0.000000,0.000000,0,0,0
1604546789699678976,73,0.000000,0.000000,16.000000,12.400000,1,6.500000,0,0,0,0,0,0,0,0,0,0,0.000000,0.000000,0.000000,0.000000,0.000000,0,0,0
1604546789700125952,74,0.000000,-0.250000,43.000000,22.200001,1,15.000000,0,0,0,0,0,0,0,0,0,0,0.000000,0.000000,0.000000,0.000000,0.000000,0,0,0
1604546789700581888,75,0.000000,0.000000,237.399994,-13.000000,1,3.000000,0,0,0,0,0,0,0,0,0,0,0.000000,0.000000,0.000000,0.000000,0.000000,0,0,0
1604546789701026048,76,0.000000,-0.500000,82.599998,-2.200000,1,9.500000,0,0,0,0,0,0,0,0,0,0,0.000000,0.000000,0.000000,0.000000,0.000000,0,0,0
1604546789701478912,77,0.000000,0.000000,83.599998,13.800000,1,17.000000,0,0,0,0,0,0,0,0,0,0,0.000000,0.000000,0.000000,0.000000,0.000000,0,0,0
1604546789701937920,78,0.000000,0.000000,109.599998,-1.600000,1,0.000000,0,0,0,0,0,0,0,0,0,0,0.000000,0.000000,0.000000,0.000000,0.000000,0,0,0
1604546789702386944,82,0.000000,0.000000,58.599998,-3.200000,1,13.500000,0,0,0,0,0,0,0,0,0,0,0.000000,0.000000,0.000000,0.000000,0.000000,0,0,0
1604546789702834944,84,0.000000,0.000000,27.600000,-12.400000,1,0.500000,0,0,0,0,0,0,0,0,0,0,0.000000,0.000000,0.000000,0.000000,0.000000,0,0,0
1604546789703279104,86,0.000000,0.000000,21.200001,14.200000,1,7.500000,0,0,0,0,0,0,0,0,0,0,0.000000,0.000000,0.000000,0.000000,0.000000,0,0,0
1604546789703729920,88,0.000000,0.000000,37.400002,-12.800000,1,10.000000,0,0,0,0,0,0,0,0,0,0,0.000000,0.000000,0.000000,0.000000,0.000000,0,0,0
1604546789740911104,0,0.000000,0.000000,141.000000,-1.200000,1,1.000000,0,0,0,0,0,0,0,0,0,0,0.000000,0.000000,0.000000,0.000000,0.000000,0,0,0
1604546789741368064,1,0.000000,0.000000,46.599998,-4.400000,1,9.000000,0,0,0,0,0,0,0,0,0,0,0.000000,0.000000,0.000000,0.000000,0.000000,0,0,0
1604546789741839104,2,0.000000,0.000000,123.800003,12.400000,6,10.500000,0,0,0,0,0,0,0,0,0,0,0.000000,0.000000,0.000000,0.000000,0.000000,0,0,0
1604546789742339072,3,0.000000,0.000000,187.199997,-1.000000,1,18.500000,0,0,0,0,0,0,0,0,0,0,0.000000,0.000000,0.000000,0.000000,0.000000,0,0,0
1604546789742771968,4,0.000000,0.250000,138.800003,18.799999,1,1.500000,0,0,0,0,0,0,0,0,0,0,0.000000,0.000000,0.000000,0.000000,0.000000,0,0,0
1604546789743243008,5,0.000000,0.000000,217.399994,16.799999,1,28.500000,0,0,0,0,0,0,0,0,0,0,0.000000,0.000000,0.000000,0.000000,0.000000,0,0,0
1604546789743703040,6,3.000000,0.250000,204.800003,8.200000,0,27.000000,0,0,0,0,0,0,0,0,0,0,0.000000,0.000000,0.000000,0.000000,0.000000,0,0,0
1604546789744174080,7,0.000000,0.000000,78.400002,-2.800000,1,15.000000,0,0,0,0,0,0,0,0,0,0,0.000000,0.000000,0.000000,0.000000,0.000000,0,0,0
1604546789744640000,8,0.000000,0.000000,20.799999,-6.200000,1,6.500000,0,0,0,0,0,0,0,0,0,0,0.000000,0.000000,0.000000,0.000000,0.000000,0,0,0
1604546789745105920,9,0.000000,0.000000,27.200001,27.400000,1,6.000000,0,0,0,0,0,0,0,0,0,0,0.000000,0.000000,0.000000,0.000000,0.000000,0,0,0
1604546789745574912,10,0.000000,0.000000,43.599998,-5.000000,1,10.000000,0,0,0,0,0,0,0,0,0,0,0.000000,0.000000,0.000000,0.000000,0.000000,0,0,0
1604546789746039040,11,0.000000,0.000000,69.599998,22.000000,1,8.500000,0,0,0,0,0,0,0,0,0,0,0.000000,0.000000,0.000000,0.000000,0.000000,0,0,0
1604546789746512896,12,0.000000,0.000000,67.199997,-2.800000,1,14.500000,0,0,0,0,0,0,0,0,0,0,0.000000,0.000000,0.000000,0.000000,0.000000,0,0,0
1604546789746982912,13,0.000000,-0.500000,156.600006,20.799999,1,6.000000,0,0,0,0,0,0,0,0,0,0,0.000000,0.000000,0.000000,0.000000,0.000000,0,0,0
1604546789747453952,14,0.000000,0.000000,37.599998,28.600000,1,16.000000,0,0,0,0,0,0,0,0,0,0,0.000000,0.000000,0.000000,0.000000,0.000000,0,0,0
1604546789747923968,15,0.000000,0.000000,120.599998,14.800000,1,14.500000,0,0,0,0,0,0,0,0,0,0,0.000000,0.000000,0.000000,0.000000,0.000000,0,0,0
1604546789748395008,16,0.000000,0.000000,160.800003,17.400000,1,4.000000,0,0,0,0,0,0,0,0,0,0,0.000000,0.000000,0.000000,0.000000,0.000000,0,0,0
1604546789748860928,17,0.000000,0.000000,6.400000,-4.400000,1,2.500000,0,0,0,0,0,0,0,0,0,0,0.000000,0.000000,0.000000,0.000000,0.000000,0,0,0
1604546789749332992,18,0.000000,0.000000,59.799999,13.200000,1,12.000000,0,0,0,0,0,0,0,0,0,0,0.000000,0.000000,0.000000,0.000000,0.000000,0,0,0
1604546789749804032,19,0.000000,0.250000,113.400002,15.200000,1,1.500000,0,0,0,0,0,0,0,0,0,0,0.000000,0.000000,0.000000,0.000000,0.000000,0,0,0
1604546789750304000,20,0.000000,0.000000,57.400002,13.400000,1,13.500000,0,0,0,0,0,0,0,0,0,0,0.000000,0.000000,0.000000,0.000000,0.000000,0,0,0
1604546789750735872,21,0.000000,0.000000,32.599998,-18.400000,1,1.500000,0,0,0,0,0,0,0,0,0,0,0.000000,0.000000,0.000000,0.000000,0.000000,0,0,0
1604546789751194112,22,0.000000,-0.250000,72.199997,14.200000,1,11.500000,0,0,0,0,0,0,0,0,0,0,0.000000,0.000000,0.000000,0.000000,0.000000,0,0,0
1604546789751664128,23,0.000000,0.000000,16.799999,-4.600000,1,1.500000,0,0,0,0,0,0,0,0,0,0,0.000000,0.000000,0.000000,0.000000,0.000000,0,0,0
1604546789752133120,24,0.000000,0.000000,64.000000,-3.400000,1,9.000000,0,0,0,0,0,0,0,0,0,0,0.000000,0.000000,0.000000,0.000000,0.000000,0,0,0
1604546789752594944,25,0.000000,0.000000,87.800003,14.000000,1,13.000000,0,0,0,0,0,0,0,0,0,0,0.000000,0.000000,0.000000,0.000000,0.000000,0,0,0
1604546789753067008,26,0.000000,0.000000,75.599998,23.200001,1,9.500000,0,0,0,0,0,0,0,0,0,0,0.000000,0.000000,0.000000,0.000000,0.000000,0,0,0
1604546789753534976,27,0.000000,1.000000,151.000000,16.600000,1,4.000000,0,0,0,0,0,0,0,0,0,0,0.000000,0.000000,0.000000,0.000000,0.000000,0,0,0
1604546789754001920,28,0.000000,0.000000,210.199997,16.600000,1,33.000000,0,0,0,0,0,0,0,0,0,0,0.000000,0.000000,0.000000,0.000000,0.000000,0,0,0
1604546789754475008,29,0.000000,0.000000,79.599998,13.400000,1,12.500000,0,0,0,0,0,0,0,0,0,0,0.000000,0.000000,0.000000,0.000000,0.000000,0,0,0
1604546789754938880,30,0.000000,-0.250000,142.600006,14.400000,1,0.000000,0,0,0,0,0,0,0,0,0,0,0.000000,0.000000,0.000000,0.000000,0.000000,0,0,0
1604546789755428096,31,0.000000,0.000000,64.199997,12.800000,1,12.000000,0,0,0,0,0,0,0,0,0,0,0.000000,0.000000,0.000000,0.000000,0.000000,0,0,0
1604546789755881984,32,0.000000,0.000000,90.800003,-0.600000,1,8.500000,0,0,0,0,0,0,0,0,0,0,0.000000,0.000000,0.000000,0.000000,0.000000,0,0,0
1604546789756347904,33,0.000000,0.000000,54.599998,13.200000,1,19.000000,0,0,0,0,0,0,0,0,0,0,0.000000,0.000000,0.000000,0.000000,0.000000,0,0,0
1604546789756813056,34,0.000000,0.000000,202.800003,16.600000,1,30.500000,0,0,0,0,0,0,0,0,0,0,0.000000,0.000000,0.000000,0.000000,0.000000,0,0,0
1604546789757282048,35,0.000000,0.000000,49.400002,12.600000,1,13.500000,0,0,0,0,0,0,0,0,0,0,0.000000,0.000000,0.000000,0.000000,0.000000,0,0,0
1604546789757746944,36,0.000000,0.000000,52.799999,-58.000000,1,30.500000,0,0,0,0,0,0,0,0,0,0,0.000000,0.000000,0.000000,0.000000,0.000000,0,0,0
1604546789758213888,37,0.000000,0.000000,191.800003,16.600000,1,28.500000,0,0,0,0,0,0,0,0,0,0,0.000000,0.000000,0.000000,0.000000,0.000000,0,0,0
1604546789758694912,38,0.000000,0.000000,84.400002,-2.200000,1,15.000000,0,0,0,0,0,0,0,0,0,0,0.000000,0.000000,0.000000,0.000000,0.000000,0,0,0
1604546789759153920,39,0.000000,0.000000,25.799999,-10.000000,1,-2.500000,0,0,0,0,0,0,0,0,0,0,0.000000,0.000000,0.000000,0.000000,0.000000,0,0,0
1604546789759630080,40,0.000000,0.250000,169.800003,2.000000,1,20.000000,0,0,0,0,0,0,0,0,0,0,0.000000,0.000000,0.000000,0.000000,0.000000,0,0,0
1604546789760092928,41,0.000000,0.000000,128.600006,17.600000,1,1.000000,0,0,0,0,0,0,0,0,0,0,0.000000,0.000000,0.000000,0.000000,0.000000,0,0,0
1604546789760556032,42,0.000000,0.000000,39.000000,-9.200000,1,9.000000,0,0,0,0,0,0,0,0,0,0,0.000000,0.000000,0.000000,0.000000,0.000000,0,0,0
1604546789761025024,43,0.000000,0.250000,52.799999,13.800000,1,9.000000,0,0,0,0,0,0,0,0,0,0,0.000000,0.000000,0.000000,0.000000,0.000000,0,0,0
1604546789761485056,44,0.000000,0.000000,196.800003,0.600000,1,21.000000,0,0,0,0,0,0,0,0,0,0,0.000000,0.000000,0.000000,0.000000,0.000000,0,0,0
1604546789761946880,45,0.000000,0.000000,27.000000,21.400000,1,0.000000,0,0,0,0,0,0,0,0,0,0,0.000000,0.000000,0.000000,0.000000,0.000000,0,0,0
1604546789762407936,46,0.000000,0.000000,105.199997,14.400000,1,2.500000,0,0,0,0,0,0,0,0,0,0,0.000000,0.000000,0.000000,0.000000,0.000000,0,0,0
1604546789762871040,47,0.000000,0.000000,68.199997,13.400000,1,11.000000,0,0,0,0,0,0,0,0,0,0,0.000000,0.000000,0.000000,0.000000,0.000000,0,0,0
1604546789763339008,48,0.000000,0.000000,86.400002,-2.400000,1,22.500000,0,0,0,0,0,0,0,0,0,0,0.000000,0.000000,0.000000,0.000000,0.000000,0,0,0
1604546789763801088,49,0.000000,0.000000,73.800003,10.200000,1,18.500000,0,0,0,0,0,0,0,0,0,0,0.000000,0.000000,0.000000,0.000000,0.000000,0,0,0
1604546789764272128,50,0.000000,0.000000,247.399994,-12.600000,1,2.000000,0,0,0,0,0,0,0,0,0,0,0.000000,0.000000,0.000000,0.000000,0.000000,0,0,0
1604546789764732928,51,0.000000,0.000000,183.000000,16.600000,1,24.000000,0,0,0,0,0,0,0,0,0,0,0.000000,0.000000,0.000000,0.000000,0.000000,0,0,0
1604546789765197056,52,0.000000,0.250000,231.399994,22.000000,1,6.500000,0,0,0,0,0,0,0,0,0,0,0.000000,0.000000,0.000000,0.000000,0.000000,0,0,0
1604546789765673984,53,0.000000,-0.250000,133.399994,-2.000000,1,0.000000,0,0,0,0,0,0,0,0,0,0,0.000000,0.000000,0.000000,0.000000,0.000000,0,0,0
1604546789766129920,54,0.000000,0.000000,93.400002,14.000000,1,22.000000,0,0,0,0,0,0,0,0,0,0,0.000000,0.000000,0.000000,0.000000,0.000000,0,0,0
1604546789766609920,55,0.000000,0.000000,213.600006,-0.600000,1,17.500000,0,0,0,0,0,0,0,0,0,0,0.000000,0.000000,0.000000,0.000000,0.000000,0,0,0
1604546789767066880,56,0.000000,0.250000,40.400002,21.600000,1,29.000000,0,0,0,0,0,0,0,0,0,0,0.000000,0.000000,0.000000,0.000000,0.000000,0,0,0
1604546789767515904,57,0.000000,-0.250000,57.599998,-34.400002,1,15.000000,0,0,0,0,0,0,0,0,0,0,0.000000,0.000000,0.000000,0.000000,0.000000,0,0,0
1604546789767971072,58,0.000000,0.000000,119.800003,-2.400000,1,16.000000,0,0,0,0,0,0,0,0,0,0,0.000000,0.000000,0.000000,0.000000,0.000000,0,0,0
1604546789768417024,59,0.000000,0.000000,38.400002,18.799999,1,15.000000,0,0,0,0,0,0,0,0,0,0,0.000000,0.000000,0.000000,0.000000,0.000000,0,0,0
1604546789768861952,60,0.000000,0.000000,79.199997,38.000000,1,19.000000,0,0,0,0,0,0,0,0,0,0,0.000000,0.000000,0.000000,0.000000,0.000000,0,0,0
1604546789769324032,61,0.000000,0.000000,4.800000,-4.600000,1,-6.000000,0,0,0,0,0,0,0,0,0,0,0.000000,0.000000,0.000000,0.000000,0.000000,0,0,0
1604546789769778944,62,0.000000,0.000000,47.599998,-54.400002,1,25.500000,0,0,0,0,0,0,0,0,0,0,0.000000,0.000000,0.000000,0.000000,0.000000,0,0,0
1604546789770245888,63,0.000000,0.000000,13.200000,-4.600000,1,4.500000,0,0,0,0,0,0,0,0,0,0,0.000000,0.000000,0.000000,0.000000,0.000000,0,0,0
1604546789770685952,64,0.000000,-0.250000,220.600006,1.400000,1,22.500000,0,0,0,0,0,0,0,0,0,0,0.000000,0.000000,0.000000,0.000000,0.000000,0,0,0
1604546789771131904,65,0.000000,0.000000,151.399994,-2.000000,1,12.500000,0,0,0,0,0,0,0,0,0,0,0.000000,0.000000,0.000000,0.000000,0.000000,0,0,0
1604546789771577088,66,0.000000,0.250000,134.000000,16.600000,1,1.000000,0,0,0,0,0,0,0,0,0,0,0.000000,0.000000,0.000000,0.000000,0.000000,0,0,0
1604546789772024064,67,0.000000,0.000000,49.000000,-3.800000,1,10.500000,0,0,0,0,0,0,0,0,0,0,0.000000,0.000000,0.000000,0.000000,0.000000,0,0,0
1604546789772471040,68,0.000000,0.000000,35.799999,22.400000,1,15.000000,0,0,0,0,0,0,0,0,0,0,0.000000,0.000000,0.000000,0.000000,0.000000,0,0,0
1604546789772914944,69,0.000000,0.000000,76.000000,13.000000,1,9.500000,0,0,0,0,0,0,0,0,0,0,0.000000,0.000000,0.000000,0.000000,0.000000,0,0,0
1604546789773368064,70,0.000000,0.000000,71.800003,-3.200000,1,11.000000,0,0,0,0,0,0,0,0,0,0,0.000000,0.000000,0.000000,0.000000,0.000000,0,0,0
1604546789773815040,71,0.000000,-0.250000,52.799999,-3.400000,1,12.500000,0,0,0,0,0,0,0,0,0,0,0.000000,0.000000,0.000000,0.000000,0.000000,0,0,0
1604546789774267904,72,0.000000,0.000000,191.199997,0.200000,1,16.500000,0,0,0,0,0,0,0,0,0,0,0.000000,0.000000,0.000000,0.000000,0.000000,0,0,0
1604546789774713088,73,0.000000,0.000000,16.000000,12.400000,1,6.500000,0,0,0,0,0,0,0,0,0,0,0.000000,0.000000,0.000000,0.000000,0.000000,0,0,0
1604546789775156992,74,0.000000,-0.250000,43.000000,22.200001,1,15.000000,0,0,0,0,0,0,0,0,0,0,0.000000,0.000000,0.000000,0.000000,0.000000,0,0,0
1604546789775604992,76,0.000000,0.000000,82.599998,-2.200000,1,9.500000,0,0,0,0,0,0,0,0,0,0,0.000000,0.000000,0.000000,0.000000,0.000000,0,0,0
1604546789776051968,77,0.000000,0.000000,83.599998,13.800000,1,17.000000,0,0,0,0,0,0,0,0,0,0,0.000000,0.000000,0.000000,0.000000,0.000000,0,0,0
1604546789776504064,78,0.000000,0.000000,109.599998,-1.600000,1,0.000000,0,0,0,0,0,0,0,0,0,0,0.000000,0.000000,0.000000,0.000000,0.000000,0,0,0
1604546789776954880,82,0.000000,0.000000,58.599998,-3.200000,1,13.500000,0,0,0,0,0,0,0,0,0,0,0.000000,0.000000,0.000000,0.000000,0.000000,0,0,0
1604546789777404928,84,0.000000,0.000000,27.600000,-12.400000,1,0.500000,0,0,0,0,0,0,0,0,0,0,0.000000,0.000000,0.000000,0.000000,0.000000,0,0,0
1604546789777849088,86,0.000000,0.000000,21.200001,14.200000,1,7.500000,0,0,0,0,0,0,0,0,0,0,0.000000,0.000000,0.000000,0.000000,0.000000,0,0,0
1604546789778301952,88,0.000000,0.000000,37.400002,-12.800000,1,10.000000,0,0,0,0,0,0,0,0,0,0,0.000000,0.000000,0.000000,0.000000,0.000000,0,0,0
1604546789810816000,0,0.000000,0.000000,141.000000,-1.200000,1,1.000000,0,0,0,0,0,0,0,0,0,0,0.000000,0.000000,0.000000,0.000000,0.000000,0,0,0
1604546789811288064,1,0.000000,0.000000,46.599998,-4.400000,1,9.000000,0,0,0,0,0,0,0,0,0,0,0.000000,0.000000,0.000000,0.000000,0.000000,0,0,0
1604546789811753984,2,0.000000,0.000000,123.800003,12.400000,6,11.000000,0,0,0,0,0,0,0,0,0,0,0.000000,0.000000,0.000000,0.000000,0.000000,0,0,0
1604546789812226048,3,0.000000,0.000000,187.199997,-1.000000,1,18.500000,0,0,0,0,0,0,0,0,0,0,0.000000,0.000000,0.000000,0.000000,0.000000,0,0,0
1604546789812691968,4,0.000000,0.250000,138.800003,18.799999,1,1.500000,0,0,0,0,0,0,0,0,0,0,0.000000,0.000000,0.000000,0.000000,0.000000,0,0,0
1604546789813157888,5,0.000000,0.000000,217.399994,16.799999,1,28.500000,0,0,0,0,0,0,0,0,0,0,0.000000,0.000000,0.000000,0.000000,0.000000,0,0,0
1604546789813623040,6,3.000000,0.250000,205.000000,8.200000,0,27.000000,0,0,0,0,0,0,0,0,0,0,0.000000,0.000000,0.000000,0.000000,0.000000,0,0,0
1604546789814087936,7,0.000000,0.000000,78.400002,-2.800000,1,15.000000,0,0,0,0,0,0,0,0,0,0,0.000000,0.000000,0.000000,0.000000,0.000000,0,0,0
1604546789814554880,8,0.000000,0.000000,20.799999,-6.200000,1,6.500000,0,0,0,0,0,0,0,0,0,0,0.000000,0.000000,0.000000,0.000000,0.000000,0,0,0
1604546789815028992,9,0.000000,0.000000,27.200001,27.400000,1,6.000000,0,0,0,0,0,0,0,0,0,0,0.000000,0.000000,0.000000,0.000000,0.000000,0,0,0
1604546789815490048,10,0.000000,0.000000,43.599998,-5.000000,1,10.500000,0,0,0,0,0,0,0,0,0,0,0.000000,0.000000,0.000000,0.000000,0.000000,0,0,0
1604546789815956992,11,0.000000,0.000000,69.599998,22.000000,1,8.000000,0,0,0,0,0,0,0,0,0,0,0.000000,0.000000,0.000000,0.000000,0.000000,0,0,0
1604546789816424960,12,0.000000,0.000000,67.000000,-3.000000,1,15.000000,0,0,0,0,0,0,0,0,0,0,0.000000,0.000000,0.000000,0.000000,0.000000,0,0,0
1604546789816896000,13,0.000000,-0.500000,156.600006,20.600000,1,4.500000,0,0,0,0,0,0,0,0,0,0,0.000000,0.000000,0.000000,0.000000,0.000000,0,0,0
1604546789817361920,14,0.000000,0.250000,37.599998,29.200001,1,16.000000,0,0,0,0,0,0,0,0,0,0,0.000000,0.000000,0.000000,0.000000,0.000000,0,0,0
1604546789817833984,15,0.000000,0.000000,120.599998,14.600000,1,14.500000,0,0,0,0,0,0,0,0,0,0,0.000000,0.000000,0.000000,0.000000,0.000000,0,0,0
1604546789818301952,16,0.000000,0.250000,161.199997,18.000000,1,5.000000,0,0,0,0,0,0,0,0,0,0,0.000000,0.000000,0.000000,0.000000,0.000000,0,0,0
1604546789818792960,17,0.000000,0.000000,6.400000,-4.400000,1,2.500000,0,0,0,0,0,0,0,0,0,0,0.000000,0.000000,0.000000,0.000000,0.000000,0,0,0
1604546789819239936,18,0.000000,0.000000,59.799999,13.200000,1,12.000000,0,0,0,0,0,0,0,0,0,0,0.000000,0.000000,0.000000,0.000000,0.000000,0,0,0
1604546789819740928,19,0.000000,0.250000,113.400002,15.200000,1,3.000000,0,0,0,0,0,0,0,0,0,0,0.000000,0.000000,0.000000,0.000000,0.000000,0,0,0
1604546789820171008,20,0.000000,0.000000,57.400002,13.400000,1,13.500000,0,0,0,0,0,0,0,0,0,0,0.000000,0.000000,0.000000,0.000000,0.000000,0,0,0
1604546789820672000,21,0.000000,0.000000,32.599998,-18.400000,1,1.500000,0,0,0,0,0,0,0,0,0,0,0.000000,0.000000,0.000000,0.000000,0.000000,0,0,0
1604546789821104128,22,0.000000,-0.250000,72.199997,14.200000,1,10.000000,0,0,0,0,0,0,0,0,0,0,0.000000,0.000000,0.000000,0.000000,0.000000,0,0,0
1604546789821579008,23,0.000000,0.000000,16.799999,-4.600000,1,1.500000,0,0,0,0,0,0,0,0,0,0,0.000000,0.000000,0.000000,0.000000,0.000000,0,0,0
1604546789822043904,24,0.000000,0.000000,64.000000,-3.400000,1,9.000000,0,0,0,0,0,0,0,0,0,0,0.000000,0.000000,0.000000,0.000000,0.000000,0,0,0
1604546789822505984,25,0.000000,0.000000,87.800003,14.000000,1,13.000000,0,0,0,0,0,0,0,0,0,0,0.000000,0.000000,0.000000,0.000000,0.000000,0,0,0
1604546789822999040,26,0.000000,0.000000,75.599998,23.200001,1,9.500000,0,0,0,0,0,0,0,0,0,0,0.000000,0.000000,0.000000,0.000000,0.000000,0,0,0
1604546789823440896,27,0.000000,1.250000,151.399994,17.000000,1,4.000000,0,0,0,0,0,0,0,0,0,0,0.000000,0.000000,0.000000,0.000000,0.000000,0,0,0
1604546789823931904,28,0.000000,0.000000,210.199997,16.600000,1,33.000000,0,0,0,0,0,0,0,0,0,0,0.000000,0.000000,0.000000,0.000000,0.000000,0,0,0
1604546789824388096,29,0.000000,0.000000,79.599998,13.600000,1,12.000000,0,0,0,0,0,0,0,0,0,0,0.000000,0.000000,0.000000,0.000000,0.000000,0,0,0
1604546789824879104,30,0.000000,-0.250000,142.399994,14.400000,1,1.000000,0,0,0,0,0,0,0,0,0,0,0.000000,0.000000,0.000000,0.000000,0.000000,0,0,0
1604546789825319936,31,0.000000,0.000000,64.199997,13.000000,1,12.000000,0,0,0,0,0,0,0,0,0,0,0.000000,0.000000,0.000000,0.000000,0.000000,0,0,0
1604546789825789952,32,0.000000,0.250000,90.800003,-0.600000,1,8.500000,0,0,0,0,0,0,0,0,0,0,0.000000,0.000000,0.000000,0.000000,0.000000,0,0,0
1604546789826255872,33,0.000000,0.000000,54.599998,13.200000,1,19.000000,0,0,0,0,0,0,0,0,0,0,0.000000,0.000000,0.000000,0.000000,0.000000,0,0,0
1604546789826729984,34,0.000000,0.000000,202.800003,16.799999,1,30.000000,0,0,0,0,0,0,0,0,0,0,0.000000,0.000000,0.000000,0.000000,0.000000,0,0,0
1604546789827192064,35,0.000000,0.000000,49.400002,12.600000,1,13.500000,0,0,0,0,0,0,0,0,0,0,0.000000,0.000000,0.000000,0.000000,0.000000,0,0,0
1604546789827684096,36,0.000000,0.000000,52.799999,-58.000000,1,30.500000,0,0,0,0,0,0,0,0,0,0,0.000000,0.000000,0.000000,0.000000,0.000000,0,0,0
1604546789828153088,37,0.000000,0.000000,191.800003,16.600000,1,28.500000,0,0,0,0,0,0,0,0,0,0,0.000000,0.000000,0.000000,0.000000,0.000000,0,0,0
1604546789828648960,38,0.000000,0.000000,84.400002,-2.200000,1,15.000000,0,0,0,0,0,0,0,0,0,0,0.000000,0.000000,0.000000,0.000000,0.000000,0,0,0
1604546789829074944,39,0.000000,0.000000,25.799999,-10.000000,1,-2.000000,0,0,0,0,0,0,0,0,0,0,0.000000,0.000000,0.000000,0.000000,0.000000,0,0,0
1604546789829551104,40,0.000000,0.250000,169.800003,2.000000,1,20.000000,0,0,0,0,0,0,0,0,0,0,0.000000,0.000000,0.000000,0.000000,0.000000,0,0,0
1604546789830046976,41,0.000000,0.000000,128.600006,17.600000,1,1.000000,0,0,0,0,0,0,0,0,0,0,0.000000,0.000000,0.000000,0.000000,0.000000,0,0,0
1604546789830478080,42,0.000000,0.000000,39.000000,-9.200000,1,9.000000,0,0,0,0,0,0,0,0,0,0,0.000000,0.000000,0.000000,0.000000,0.000000,0,0,0
1604546789830973952,43,0.000000,0.250000,52.799999,13.800000,1,9.000000,0,0,0,0,0,0,0,0,0,0,0.000000,0.000000,0.000000,0.000000,0.000000,0,0,0
1604546789831401984,44,0.000000,0.000000,196.800003,0.600000,1,21.000000,0,0,0,0,0,0,0,0,0,0,0.000000,0.000000,0.000000,0.000000,0.000000,0,0,0
1604546789831860992,45,0.000000,0.000000,27.000000,21.400000,1,0.500000,0,0,0,0,0,0,0,0,0,0,0.000000,0.000000,0.000000,0.000000,0.000000,0,0,0
1604546789832329984,46,0.000000,0.000000,105.199997,14.400000,1,1.000000,0,0,0,0,0,0,0,0,0,0,0.000000,0.000000,0.000000,0.000000,0.000000,0,0,0
1604546789832791040,47,0.000000,0.000000,68.199997,13.400000,1,11.000000,0,0,0,0,0,0,0,0,0,0,0.000000,0.000000,0.000000,0.000000,0.000000,0,0,0
1604546789833259008,48,0.000000,0.000000,86.400002,-2.400000,1,22.500000,0,0,0,0,0,0,0,0,0,0,0.000000,0.000000,0.000000,0.000000,0.000000,0,0,0
1604546789833719040,49,0.000000,0.000000,73.800003,10.200000,1,18.500000,0,0,0,0,0,0,0,0,0,0,0.000000,0.000000,0.000000,0.000000,0.000000,0,0,0
1604546789834181120,50,0.000000,0.000000,236.800003,-12.600000,1,3.000000,0,0,0,0,0,0,0,0,0,0,0.000000,0.000000,0.000000,0.000000,0.000000,0,0,0
1604546789834653952,51,0.000000,0.000000,183.000000,16.600000,1,24.000000,0,0,0,0,0,0,0,0,0,0,0.000000,0.000000,0.000000,0.000000,0.000000,0,0,0
1604546789835120896,52,0.000000,0.000000,247.399994,-11.200000,1,0.500000,0,0,0,0,0,0,0,0,0,0,0.000000,0.000000,0.000000,0.000000,0.000000,0,0,0
1604546789835595008,53,0.000000,-0.250000,133.399994,-2.000000,1,-0.500000,0,0,0,0,0,0,0,0,0,0,0.000000,0.000000,0.000000,0.000000,0.000000,0,0,0
1604546789836078080,54,0.000000,0.000000,93.400002,14.000000,1,22.000000,0,0,0,0,0,0,0,0,0,0,0.000000,0.000000,0.000000,0.000000,0.000000,0,0,0
1604546789836520960,55,0.000000,0.000000,213.600006,-0.600000,1,18.000000,0,0,0,0,0,0,0,0,0,0,0.000000,0.000000,0.000000,0.000000,0.000000,0,0,0
1604546789836972032,56,0.000000,0.250000,40.400002,21.600000,1,28.500000,0,0,0,0,0,0,0,0,0,0,0.000000,0.000000,0.000000,0.000000,0.000000,0,0,0
1604546789837416960,57,0.250000,-0.250000,57.599998,-34.400002,1,15.000000,0,0,0,0,0,0,0,0,0,0,0.000000,0.000000,0.000000,0.000000,0.000000,0,0,0
1604546789837871104,58,0.000000,0.000000,119.800003,-2.400000,1,15.500000,0,0,0,0,0,0,0,0,0,0,0.000000,0.000000,0.000000,0.000000,0.000000,0,0,0
1604546789838339072,59,0.000000,0.000000,38.400002,18.799999,1,15.000000,0,0,0,0,0,0,0,0,0,0,0.000000,0.000000,0.000000,0.000000,0.000000,0,0,0
1604546789838768128,60,0.000000,0.000000,79.199997,38.000000,1,19.000000,0,0,0,0,0,0,0,0,0,0,0.000000,0.000000,0.000000,0.000000,0.000000,0,0,0
1604546789839246080,61,0.000000,0.000000,4.800000,-4.600000,1,-6.000000,0,0,0,0,0,0,0,0,0,0,0.000000,0.000000,0.000000,0.000000,0.000000,0,0,0
1604546789839686912,62,0.000000,0.000000,47.599998,-54.400002,1,25.500000,0,0,0,0,0,0,0,0,0,0,0.000000,0.000000,0.000000,0.000000,0.000000,0,0,0
1604546789840137984,63,0.000000,0.000000,13.200000,-4.600000,1,4.500000,0,0,0,0,0,0,0,0,0,0,0.000000,0.000000,0.000000,0.000000,0.000000,0,0,0
1604546789840587008,64,0.000000,-0.250000,220.600006,1.200000,1,21.500000,0,0,0,0,0,0,0,0,0,0,0.000000,0.000000,0.000000,0.000000,0.000000,0,0,0
1604546789841053952,65,0.000000,0.000000,151.399994,-2.000000,1,12.500000,0,0,0,0,0,0,0,0,0,0,0.000000,0.000000,0.000000,0.000000,0.000000,0,0,0
1604546789841477888,66,0.000000,0.250000,134.000000,16.600000,1,1.000000,0,0,0,0,0,0,0,0,0,0,0.000000,0.000000,0.000000,0.000000,0.000000,0,0,0
1604546789841922048,67,0.000000,0.000000,49.000000,-3.800000,1,10.500000,0,0,0,0,0,0,0,0,0,0,0.000000,0.000000,0.000000,0.000000,0.000000,0,0,0
1604546789842371072,68,0.000000,0.000000,35.799999,22.400000,1,15.000000,0,0,0,0,0,0,0,0,0,0,0.000000,0.000000,0.000000,0.000000,0.000000,0,0,0
1604546789842817024,69,0.000000,0.000000,76.000000,13.000000,1,9.500000,0,0,0,0,0,0,0,0,0,0,0.000000,0.000000,0.000000,0.000000,0.000000,0,0,0
1604546789843265024,70,0.000000,0.000000,71.800003,-3.200000,1,11.000000,0,0,0,0,0,0,0,0,0,0,0.000000,0.000000,0.000000,0.000000,0.000000,0,0,0
1604546789843717120,71,0.000000,-0.250000,52.799999,-3.400000,1,13.500000,0,0,0,0,0,0,0,0,0,0,0.000000,0.000000,0.000000,0.000000,0.000000,0,0,0
1604546789844166912,72,0.000000,0.000000,191.199997,0.200000,1,16.500000,0,0,0,0,0,0,0,0,0,0,0.000000,0.000000,0.000000,0.000000,0.000000,0,0,0
1604546789844611072,73,0.000000,0.000000,16.000000,12.400000,1,6.500000,0,0,0,0,0,0,0,0,0,0,0.000000,0.000000,0.000000,0.000000,0.000000,0,0,0
1604546789845050880,74,0.000000,-0.250000,43.000000,22.200001,1,15.000000,0,0,0,0,0,0,0,0,0,0,0.000000,0.000000,0.000000,0.000000,0.000000,0,0,0
1604546789845500928,76,0.000000,0.500000,82.599998,-2.000000,1,9.000000,0,0,0,0,0,0,0,0,0,0,0.000000,0.000000,0.000000,0.000000,0.000000,0,0,0
1604546789845945088,77,0.000000,0.000000,83.599998,13.800000,1,17.000000,0,0,0,0,0,0,0,0,0,0,0.000000,0.000000,0.000000,0.000000,0.000000,0,0,0
1604546789846394112,78,0.000000,-0.250000,108.800003,-1.800000,1,1.000000,0,0,0,0,0,0,0,0,0,0,0.000000,0.000000,0.000000,0.000000,0.000000,0,0,0
1604546789846843904,82,0.000000,0.000000,58.599998,-3.200000,1,13.500000,0,0,0,0,0,0,0,0,0,0,0.000000,0.000000,0.000000,0.000000,0.000000,0,0,0
1604546789847296000,84,0.000000,0.000000,27.600000,-12.400000,1,0.500000,0,0,0,0,0,0,0,0,0,0,0.000000,0.000000,0.000000,0.000000,0.000000,0,0,0
1604546789847755008,86,0.000000,0.000000,21.200001,14.200000,1,7.500000,0,0,0,0,0,0,0,0,0,0,0.000000,0.000000,0.000000,0.000000,0.000000,0,0,0
1604546789848185088,88,0.000000,0.000000,37.400002,-12.800000,1,10.000000,0,0,0,0,0,0,0,0,0,0,0.000000,0.000000,0.000000,0.000000,0.000000,0,0,0
1604546789886016000,0,0.000000,0.000000,140.800003,-1.200000,1,1.000000,0,0,0,0,0,0,0,0,0,0,0.000000,0.000000,0.000000,0.000000,0.000000,0,0,0
1604546789886482944,1,0.000000,0.000000,46.599998,-4.400000,1,9.000000,0,0,0,0,0,0,0,0,0,0,0.000000,0.000000,0.000000,0.000000,0.000000,0,0,0
1604546789886955008,2,0.000000,0.000000,123.800003,12.200000,6,10.500000,0,0,0,0,0,0,0,0,0,0,0.000000,0.000000,0.000000,0.000000,0.000000,0,0,0
1604546789887421952,3,0.000000,0.000000,187.199997,-1.000000,1,18.500000,0,0,0,0,0,0,0,0,0,0,0.000000,0.000000,0.000000,0.000000,0.000000,0,0,0
1604546789887886080,4,0.000000,0.250000,138.800003,18.799999,1,1.000000,0,0,0,0,0,0,0,0,0,0,0.000000,0.000000,0.000000,0.000000,0.000000,0,0,0
1604546789888374016,5,0.000000,0.000000,217.399994,16.799999,1,28.500000,0,0,0,0,0,0,0,0,0,0,0.000000,0.000000,0.000000,0.000000,0.000000,0,0,0
1604546789888808960,6,3.000000,0.250000,205.199997,8.200000,0,26.000000,0,0,0,0,0,0,0,0,0,0,0.000000,0.000000,0.000000,0.000000,0.000000,0,0,0
1604546789889291008,7,0.000000,0.000000,78.400002,-2.800000,1,15.500000,0,0,0,0,0,0,0,0,0,0,0.000000,0.000000,0.000000,0.000000,0.000000,0,0,0
1604546789889754880,8,0.000000,0.000000,20.799999,-6.200000,1,6.500000,0,0,0,0,0,0,0,0,0,0,0.000000,0.000000,0.000000,0.000000,0.000000,0,0,0
1604546789890224896,9,0.000000,0.000000,27.200001,27.400000,1,6.000000,0,0,0,0,0,0,0,0,0,0,0.000000,0.000000,0.000000,0.000000,0.000000,0,0,0
1604546789890693120,10,0.000000,0.000000,43.599998,-5.000000,1,10.500000,0,0,0,0,0,0,0,0,0,0,0.000000,0.000000,0.000000,0.000000,0.000000,0,0,0
1604546789891147008,11,0.000000,0.000000,69.599998,22.000000,1,8.500000,0,0,0,0,0,0,0,0,0,0,0.000000,0.000000,0.000000,0.000000,0.000000,0,0,0
1604546789891625984,12,0.000000,0.000000,67.000000,-2.800000,1,15.500000,0,0,0,0,0,0,0,0,0,0,0.000000,0.000000,0.000000,0.000000,0.000000,0,0,0
1604546789892091904,13,0.000000,-0.250000,156.600006,20.799999,1,4.500000,0,0,0,0,0,0,0,0,0,0,0.000000,0.000000,0.000000,0.000000,0.000000,0,0,0
1604546789892567040,14,0.000000,0.500000,37.599998,29.400000,1,15.500000,0,0,0,0,0,0,0,0,0,0,0.000000,0.000000,0.000000,0.000000,0.000000,0,0,0
1604546789893038080,15,0.000000,0.000000,120.599998,14.600000,1,14.500000,0,0,0,0,0,0,0,0,0,0,0.000000,0.000000,0.000000,0.000000,0.000000,0,0,0
1604546789893502976,16,0.000000,0.250000,161.199997,18.000000,1,5.000000,0,0,0,0,0,0,0,0,0,0,0.000000,0.000000,0.000000,0.000000,0.000000,0,0,0
1604546789893971968,17,0.000000,0.000000,6.400000,-4.400000,1,2.500000,0,0,0,0,0,0,0,0,0,0,0.000000,0.000000,0.000000,0.000000,0.000000,0,0,0
1604546789894444032,18,0.000000,0.000000,59.799999,13.200000,1,12.000000,0,0,0,0,0,0,0,0,0,0,0.000000,0.000000,0.000000,0.000000,0.000000,0,0,0
1604546789894910976,19,0.000000,0.250000,113.400002,15.200000,1,3.000000,0,0,0,0,0,0,0,0,0,0,0.000000,0.000000,0.000000,0.000000,0.000000,0,0,0
1604546789895376896,20,0.000000,0.000000,57.400002,13.400000,1,13.500000,0,0,0,0,0,0,0,0,0,0,0.000000,0.000000,0.000000,0.000000,0.000000,0,0,0
1604546789895840000,21,0.000000,0.000000,32.599998,-18.400000,1,1.500000,0,0,0,0,0,0,0,0,0,0,0.000000,0.000000,0.000000,0.000000,0.000000,0,0,0
1604546789896303104,22,0.000000,-0.250000,72.199997,14.200000,1,10.000000,0,0,0,0,0,0,0,0,0,0,0.000000,0.000000,0.000000,0.000000,0.000000,0,0,0
1604546789896792064,23,0.000000,0.000000,16.799999,-4.600000,1,1.500000,0,0,0,0,0,0,0,0,0,0,0.000000,0.000000,0.000000,0.000000,0.000000,0,0,0
1604546789897253120,24,0.000000,0.000000,64.000000,-3.400000,1,8.500000,0,0,0,0,0,0,0,0,0,0,0.000000,0.000000,0.000000,0.000000,0.000000,0,0,0
1604546789897715968,25,0.000000,0.000000,87.800003,14.000000,1,12.500000,0,0,0,0,0,0,0,0,0,0,0.000000,0.000000,0.000000,0.000000,0.000000,0,0,0
1604546789898191872,26,0.000000,0.000000,75.599998,23.200001,1,9.500000,0,0,0,0,0,0,0,0,0,0,0.000000,0.000000,0.000000,0.000000,0.000000,0,0,0
1604546789898651904,27,0.000000,1.250000,151.600006,17.000000,1,4.000000,0,0,0,0,0,0,0,0,0,0,0.000000,0.000000,0.000000,0.000000,0.000000,0,0,0
1604546789899120896,28,0.000000,0.000000,210.199997,16.600000,1,33.000000,0,0,0,0,0,0,0,0,0,0,0.000000,0.000000,0.000000,0.000000,0.000000,0,0,0
1604546789899591936,29,0.000000,0.000000,79.599998,13.600000,1,12.500000,0,0,0,0,0,0,0,0,0,0,0.000000,0.000000,0.000000,0.000000,0.000000,0,0,0
1604546789900065024,30,0.000000,-0.250000,142.399994,14.400000,1,0.000000,0,0,0,0,0,0,0,0,0,0,0.000000,0.000000,0.000000,0.000000,0.000000,0,0,0
1604546789900534016,31,0.000000,0.000000,64.199997,13.000000,1,12.000000,0,0,0,0,0,0,0,0,0,0,0.000000,0.000000,0.000000,0.000000,0.000000,0,0,0
1604546789901000960,32,0.000000,0.250000,90.800003,-0.600000,1,8.500000,0,0,0,0,0,0,0,0,0,0,0.000000,0.000000,0.000000,0.000000,0.000000,0,0,0
1604546789901470976,33,0.000000,0.000000,54.599998,13.200000,1,19.000000,0,0,0,0,0,0,0,0,0,0,0.000000,0.000000,0.000000,0.000000,0.000000,0,0,0
1604546789901936896,34,0.000000,0.000000,202.800003,16.799999,1,30.500000,0,0,0,0,0,0,0,0,0,0,0.000000,0.000000,0.000000,0.000000,0.000000,0,0,0
1604546789902398976,35,0.000000,0.000000,49.400002,12.600000,1,13.500000,0,0,0,0,0,0,0,0,0,0,0.000000,0.000000,0.000000,0.000000,0.000000,0,0,0
1604546789902870016,36,0.000000,0.000000,52.799999,-58.000000,1,30.500000,0,0,0,0,0,0,0,0,0,0,0.000000,0.000000,0.000000,0.000000,0.000000,0,0,0
1604546789903344896,37,0.000000,0.000000,191.800003,16.600000,1,28.000000,0,0,0,0,0,0,0,0,0,0,0.000000,0.000000,0.000000,0.000000,0.000000,0,0,0
1604546789903815936,38,0.000000,0.000000,84.400002,-2.200000,1,15.000000,0,0,0,0,0,0,0,0,0,0,0.000000,0.000000,0.000000,0.000000,0.000000,0,0,0
1604546789904288000,39,0.000000,0.000000,25.799999,-10.000000,1,-2.000000,0,0,0,0,0,0,0,0,0,0,0.000000,0.000000,0.000000,0.000000,0.000000,0,0,0
1604546789904759040,40,0.000000,0.250000,169.800003,2.200000,1,19.000000,0,0,0,0,0,0,0,0,0,0,0.000000,0.000000,0.000000,0.000000,0.000000,0,0,0
1604546789905216000,41,0.000000,0.000000,128.600006,17.600000,1,1.500000,0,0,0,0,0,0,0,0,0,0,0.000000,0.000000,0.000000,0.000000,0.000000,0,0,0
1604546789905690112,42,0.000000,0.000000,39.000000,-9.200000,1,9.000000,0,0,0,0,0,0,0,0,0,0,0.000000,0.000000,0.000000,0.000000,0.000000,0,0,0
1604546789906149120,43,0.000000,0.250000,52.799999,13.800000,1,9.000000,0,0,0,0,0,0,0,0,0,0,0.000000,0.000000,0.000000,0.000000,0.000000,0,0,0
1604546789906611968,44,0.000000,0.000000,196.800003,0.600000,1,21.000000,0,0,0,0,0,0,0,0,0,0,0.000000,0.000000,0.000000,0.000000,0.000000,0,0,0
1604546789907074048,45,0.000000,0.000000,27.000000,21.400000,1,0.500000,0,0,0,0,0,0,0,0,0,0,0.000000,0.000000,0.000000,0.000000,0.000000,0,0,0
1604546789907543040,46,0.000000,0.000000,105.199997,14.400000,1,1.500000,0,0,0,0,0,0,0,0,0,0,0.000000,0.000000,0.000000,0.000000,0.000000,0,0,0
1604546789908003072,47,0.000000,0.000000,68.199997,13.400000,1,11.000000,0,0,0,0,0,0,0,0,0,0,0.000000,0.000000,0.000000,0.000000,0.000000,0,0,0
1604546789908471040,48,0.000000,0.000000,86.400002,-2.400000,1,22.500000,0,0,0,0,0,0,0,0,0,0,0.000000,0.000000,0.000000,0.000000,0.000000,0,0,0
1604546789908942080,49,0.000000,0.000000,73.800003,10.400000,1,19.000000,0,0,0,0,0,0,0,0,0,0,0.000000,0.000000,0.000000,0.000000,0.000000,0,0,0
1604546789909402112,50,0.000000,0.000000,236.800003,-12.600000,1,3.000000,0,0,0,0,0,0,0,0,0,0,0.000000,0.000000,0.000000,0.000000,0.000000,0,0,0
1604546789909872128,51,0.000000,0.000000,182.800003,16.600000,1,24.000000,0,0,0,0,0,0,0,0,0,0,0.000000,0.000000,0.000000,0.000000,0.000000,0,0,0
1604546789910340096,53,0.000000,-0.250000,133.399994,-2.000000,1,0.500000,0,0,0,0,0,0,0,0,0,0,0.000000,0.000000,0.000000,0.000000,0.000000,0,0,0
1604546789910804992,54,0.000000,0.000000,93.400002,14.000000,1,22.000000,0,0,0,0,0,0,0,0,0,0,0.000000,0.000000,0.000000,0.000000,0.000000,0,0,0
1604546789911271936,55,0.000000,0.000000,213.600006,-0.600000,1,17.500000,0,0,0,0,0,0,0,0,0,0,0.000000,0.000000,0.000000,0.000000,0.000000,0,0,0
1604546789911718912,56,0.000000,0.250000,40.400002,21.600000,1,29.000000,0,0,0,0,0,0,0,0,0,0,0.000000,0.000000,0.000000,0.000000,0.000000,0,0,0
1604546789912166912,57,0.250000,-0.250000,57.599998,-34.400002,1,15.000000,0,0,0,0,0,0,0,0,0,0,0.000000,0.000000,0.000000,0.000000,0.000000,0,0,0
1604546789912617984,58,0.000000,0.000000,119.800003,-2.400000,1,15.000000,0,0,0,0,0,0,0,0,0,0,0.000000,0.000000,0.000000,0.000000,0.000000,0,0,0
1604546789913064960,59,0.000000,0.000000,38.400002,18.799999,1,15.000000,0,0,0,0,0,0,0,0,0,0,0.000000,0.000000,0.000000,0.000000,0.000000,0,0,0
1604546789913515008,60,0.000000,0.000000,79.199997,38.000000,1,18.500000,0,0,0,0,0,0,0,0,0,0,0.000000,0.000000,0.000000,0.000000,0.000000,0,0,0
1604546789913968896,61,0.000000,0.000000,4.800000,-4.600000,1,-6.000000,0,0,0,0,0,0,0,0,0,0,0.000000,0.000000,0.000000,0.000000,0.000000,0,0,0
1604546789914417920,62,0.000000,0.000000,47.599998,-54.400002,1,26.000000,0,0,0,0,0,0,0,0,0,0,0.000000,0.000000,0.000000,0.000000,0.000000,0,0,0
1604546789914859008,63,0.000000,0.000000,13.200000,-4.600000,1,4.500000,0,0,0,0,0,0,0,0,0,0,0.000000,0.000000,0.000000,0.000000,0.000000,0,0,0
1604546789915334912,64,0.000000,-0.250000,220.600006,1.200000,1,22.000000,0,0,0,0,0,0,0,0,0,0,0.000000,0.000000,0.000000,0.000000,0.000000,0,0,0
1604546789915780096,65,0.000000,-0.250000,151.399994,-2.000000,1,12.000000,0,0,0,0,0,0,0,0,0,0,0.000000,0.000000,0.000000,0.000000,0.000000,0,0,0
1604546789916225024,66,0.000000,0.250000,134.000000,16.600000,1,0.500000,0,0,0,0,0,0,0,0,0,0,0.000000,0.000000,0.000000,0.000000,0.000000,0,0,0
1604546789916685056,67,0.000000,0.000000,49.000000,-3.800000,1,10.000000,0,0,0,0,0,0,0,0,0,0,0.000000,0.000000,0.000000,0.000000,0.000000,0,0,0
1604546789917131008,68,0.000000,0.000000,35.799999,22.400000,1,15.000000,0,0,0,0,0,0,0,0,0,0,0.000000,0.000000,0.000000,0.000000,0.000000,0,0,0
1604546789917562880,69,0.000000,0.000000,76.000000,13.000000,1,9.500000,0,0,0,0,0,0,0,0,0,0,0.000000,0.000000,0.000000,0.000000,0.000000,0,0,0
1604546789918023936,70,0.000000,0.000000,71.800003,-3.200000,1,11.000000,0,0,0,0,0,0,0,0,0,0,0.000000,0.000000,0.000000,0.000000,0.000000,0,0,0
1604546789918465024,71,0.000000,-0.250000,52.799999,-3.400000,1,12.500000,0,0,0,0,0,0,0,0,0,0,0.000000,0.000000,0.000000,0.000000,0.000000,0,0,0
1604546789918917888,72,0.000000,0.000000,191.199997,0.200000,1,16.500000,0,0,0,0,0,0,0,0,0,0,0.000000,0.000000,0.000000,0.000000,0.000000,0,0,0
1604546789919357952,73,0.000000,0.000000,16.000000,12.400000,1,6.500000,0,0,0,0,0,0,0,0,0,0,0.000000,0.000000,0.000000,0.000000,0.000000,0,0,0
1604546789919805952,74,0.000000,-0.250000,43.000000,22.200001,1,15.000000,0,0,0,0,0,0,0,0,0,0,0.000000,0.000000,0.000000,0.000000,0.000000,0,0,0
1604546789920250112,76,0.000000,0.750000,82.599998,-1.800000,1,9.000000,0,0,0,0,0,0,0,0,0,0,0.000000,0.000000,0.000000,0.000000,0.000000,0,0,0
1604546789920713984,77,0.000000,0.000000,83.599998,13.800000,1,17.000000,0,0,0,0,0,0,0,0,0,0,0.000000,0.000000,0.000000,0.000000,0.000000,0,0,0
1604546789921143040,78,0.000000,-0.250000,108.800003,-1.800000,1,1.000000,0,0,0,0,0,0,0,0,0,0,0.000000,0.000000,0.000000,0.000000,0.000000,0,0,0
1604546789921593088,82,0.000000,0.000000,58.599998,-3.200000,1,13.500000,0,0,0,0,0,0,0,0,0,0,0.000000,0.000000,0.000000,0.000000,0.000000,0,0,0
1604546789922042880,84,0.000000,0.000000,27.600000,-12.400000,1,0.500000,0,0,0,0,0,0,0,0,0,0,0.000000,0.000000,0.000000,0.000000,0.000000,0,0,0
1604546789922491904,86,0.000000,0.000000,21.200001,14.200000,1,7.500000,0,0,0,0,0,0,0,0,0,0,0.000000,0.000000,0.000000,0.000000,0.000000,0,0,0
1604546789922938880,88,0.000000,0.000000,37.400002,-12.800000,1,10.000000,0,0,0,0,0,0,0,0,0,0,0.000000,0.000000,0.000000,0.000000,0.000000,0,0,0
1604546789955906048,0,0.000000,0.000000,140.800003,-1.200000,1,1.000000,0,0,0,0,0,0,0,0,0,0,0.000000,0.000000,0.000000,0.000000,0.000000,0,0,0
1604546789956371968,1,0.000000,0.000000,46.599998,-4.400000,1,9.000000,0,0,0,0,0,0,0,0,0,0,0.000000,0.000000,0.000000,0.000000,0.000000,0,0,0
1604546789956840960,2,0.000000,0.000000,123.800003,12.200000,6,10.500000,0,0,0,0,0,0,0,0,0,0,0.000000,0.000000,0.000000,0.000000,0.000000,0,0,0
1604546789957315072,3,0.000000,0.000000,187.199997,-1.000000,1,18.500000,0,0,0,0,0,0,0,0,0,0,0.000000,0.000000,0.000000,0.000000,0.000000,0,0,0
1604546789957774080,4,0.000000,0.250000,138.800003,18.799999,1,1.500000,0,0,0,0,0,0,0,0,0,0,0.000000,0.000000,0.000000,0.000000,0.000000,0,0,0
1604546789958266880,5,0.000000,0.000000,217.399994,16.799999,1,29.000000,0,0,0,0,0,0,0,0,0,0,0.000000,0.000000,0.000000,0.000000,0.000000,0,0,0
1604546789958705920,6,3.000000,0.250000,205.399994,8.200000,0,23.500000,0,0,0,0,0,0,0,0,0,0,0.000000,0.000000,0.000000,0.000000,0.000000,0,0,0
1604546789959175936,7,0.000000,0.000000,78.400002,-2.800000,1,14.500000,0,0,0,0,0,0,0,0,0,0,0.000000,0.000000,0.000000,0.000000,0.000000,0,0,0
1604546789959646976,8,0.000000,0.000000,20.799999,-6.200000,1,6.500000,0,0,0,0,0,0,0,0,0,0,0.000000,0.000000,0.000000,0.000000,0.000000,0,0,0
1604546789960116992,9,0.000000,0.000000,27.200001,27.400000,1,6.000000,0,0,0,0,0,0,0,0,0,0,0.000000,0.000000,0.000000,0.000000,0.000000,0,0,0
1604546789960583936,10,0.000000,0.000000,43.599998,-5.000000,1,10.500000,0,0,0,0,0,0,0,0,0,0,0.000000,0.000000,0.000000,0.000000,0.000000,0,0,0
1604546789961050112,11,0.000000,0.000000,69.599998,22.000000,1,8.500000,0,0,0,0,0,0,0,0,0,0,0.000000,0.000000,0.000000,0.000000,0.000000,0,0,0
1604546789961518080,12,0.000000,0.000000,67.000000,-2.800000,1,15.500000,0,0,0,0,0,0,0,0,0,0,0.000000,0.000000,0.000000,0.000000,0.000000,0,0,0
1604546789961981952,13,0.000000,-0.750000,157.000000,20.600000,1,5.000000,0,0,0,0,0,0,0,0,0,0,0.000000,0.000000,0.000000,0.000000,0.000000,0,0,0
1604546789962458880,14,0.000000,0.500000,37.599998,29.400000,1,15.500000,0,0,0,0,0,0,0,0,0,0,0.000000,0.000000,0.000000,0.000000,0.000000,0,0,0
1604546789962930944,15,0.000000,0.000000,120.599998,14.600000,1,14.000000,0,0,0,0,0,0,0,0,0,0,0.000000,0.000000,0.000000,0.000000,0.000000,0,0,0
1604546789963401984,16,0.000000,0.250000,161.199997,18.000000,1,5.000000,0,0,0,0,0,0,0,0,0,0,0.000000,0.000000,0.000000,0.000000,0.000000,0,0,0
1604546789963867904,17,0.000000,0.000000,6.400000,-4.400000,1,2.500000,0,0,0,0,0,0,0,0,0,0,0.000000,0.000000,0.000000,0.000000,0.000000,0,0,0
1604546789964336896,18,0.000000,0.000000,59.799999,13.200000,1,12.000000,0,0,0,0,0,0,0,0,0,0,0.000000,0.000000,0.000000,0.000000,0.000000,0,0,0
1604546789964805888,19,0.000000,0.250000,113.400002,15.000000,1,3.500000,0,0,0,0,0,0,0,0,0,0,0.000000,0.000000,0.000000,0.000000,0.000000,0,0,0
1604546789965272064,20,0.000000,0.000000,57.400002,13.400000,1,14.000000,0,0,0,0,0,0,0,0,0,0,0.000000,0.000000,0.000000,0.000000,0.000000,0,0,0
1604546789965739008,21,0.000000,0.000000,32.599998,-18.400000,1,2.000000,0,0,0,0,0,0,0,0,0,0,0.000000,0.000000,0.000000,0.000000,0.000000,0,0,0
1604546789966200064,22,0.000000,-0.250000,72.199997,14.200000,1,10.000000,0,0,0,0,0,0,0,0,0,0,0.000000,0.000000,0.000000,0.000000,0.000000,0,0,0
1604546789966672896,23,0.000000,0.000000,16.799999,-4.600000,1,1.500000,0,0,0,0,0,0,0,0,0,0,0.000000,0.000000,0.000000,0.000000,0.000000,0,0,0
1604546789967145984,24,0.000000,0.000000,64.000000,-3.400000,1,8.500000,0,0,0,0,0,0,0,0,0,0,0.000000,0.000000,0.000000,0.000000,0.000000,0,0,0
1604546789967608064,25,0.000000,0.000000,87.800003,14.000000,1,12.500000,0,0,0,0,0,0,0,0,0,0,0.000000,0.000000,0.000000,0.000000,0.000000,0,0,0
1604546789968077056,26,0.000000,0.000000,75.599998,23.200001,1,9.500000,0,0,0,0,0,0,0,0,0,0,0.000000,0.000000,0.000000,0.000000,0.000000,0,0,0
1604546789968544000,27,0.000000,1.250000,151.800003,17.200001,1,4.500000,0,0,0,0,0,0,0,0,0,0,0.000000,0.000000,0.000000,0.000000,0.000000,0,0,0
1604546789969014016,28,0.000000,0.000000,210.199997,16.600000,1,33.000000,0,0,0,0,0,0,0,0,0,0,0.000000,0.000000,0.000000,0.000000,0.000000,0,0,0
1604546789969480960,29,0.000000,0.000000,79.599998,13.600000,1,12.000000,0,0,0,0,0,0,0,0,0,0,0.000000,0.000000,0.000000,0.000000,0.000000,0,0,0
1604546789969947904,30,0.000000,-0.250000,142.399994,14.400000,1,1.000000,0,0,0,0,0,0,0,0,0,0,0.000000,0.000000,0.000000,0.000000,0.000000,0,0,0
1604546789970420992,31,0.000000,0.000000,64.199997,13.000000,1,12.000000,0,0,0,0,0,0,0,0,0,0,0.000000,0.000000,0.000000,0.000000,0.000000,0,0,0
1604546789970895104,32,0.000000,0.250000,90.800003,-0.400000,1,9.000000,0,0,0,0,0,0,0,0,0,0,0.000000,0.000000,0.000000,0.000000,0.000000,0,0,0
1604546789971362048,33,0.000000,0.000000,54.599998,13.200000,1,19.000000,0,0,0,0,0,0,0,0,0,0,0.000000,0.000000,0.000000,0.000000,0.000000,0,0,0
1604546789971828992,34,0.000000,0.000000,202.800003,16.799999,1,30.500000,0,0,0,0,0,0,0,0,0,0,0.000000,0.000000,0.000000,0.000000,0.000000,0,0,0
1604546789972291072,35,0.000000,0.000000,49.400002,12.600000,1,13.500000,0,0,0,0,0,0,0,0,0,0,0.000000,0.000000,0.000000,0.000000,0.000000,0,0,0
1604546789972758016,36,0.000000,0.000000,52.799999,-58.000000,1,30.500000,0,0,0,0,0,0,0,0,0,0,0.000000,0.000000,0.000000,0.000000,0.000000,0,0,0
1604546789973222912,37,0.000000,0.000000,191.800003,16.600000,1,28.500000,0,0,0,0,0,0,0,0,0,0,0.000000,0.000000,0.000000,0.000000,0.000000,0,0,0
1604546789973698048,38,0.000000,0.000000,84.400002,-2.000000,1,15.000000,0,0,0,0,0,0,0,0,0,0,0.000000,0.000000,0.000000,0.000000,0.000000,0,0,0
1604546789974166016,39,0.000000,0.000000,25.799999,-10.000000,1,-1.500000,0,0,0,0,0,0,0,0,0,0,0.000000,0.000000,0.000000,0.000000,0.000000,0,0,0
1604546789974636032,40,0.000000,0.500000,169.800003,2.400000,1,18.500000,0,0,0,0,0,0,0,0,0,0,0.000000,0.000000,0.000000,0.000000,0.000000,0,0,0
1604546789975107072,41,0.000000,0.000000,128.399994,17.600000,1,1.500000,0,0,0,0,0,0,0,0,0,0,0.000000,0.000000,0.000000,0.000000,0.000000,0,0,0
1604546789975571968,42,0.000000,0.000000,39.000000,-9.200000,1,9.000000,0,0,0,0,0,0,0,0,0,0,0.000000,0.000000,0.000000,0.000000,0.000000,0,0,0
1604546789976036096,43,0.000000,0.250000,52.799999,13.800000,1,9.000000,0,0,0,0,0,0,0,0,0,0,0.000000,0.000000,0.000000,0.000000,0.000000,0,0,0
1604546789976506112,44,0.000000,0.000000,196.800003,0.600000,1,21.000000,0,0,0,0,0,0,0,0,0,0,0.000000,0.000000,0.000000,0.000000,0.000000,0,0,0
1604546789976977920,45,0.000000,0.000000,27.000000,21.400000,1,0.500000,0,0,0,0,0,0,0,0,0,0,0.000000,0.000000,0.000000,0.000000,0.000000,0,0,0
1604546789977434112,46,0.000000,0.000000,105.199997,14.400000,1,2.500000,0,0,0,0,0,0,0,0,0,0,0.000000,0.000000,0.000000,0.000000,0.000000,0,0,0
1604546789977900032,47,0.000000,0.000000,68.199997,13.400000,1,11.000000,0,0,0,0,0,0,0,0,0,0,0.000000,0.000000,0.000000,0.000000,0.000000,0,0,0
1604546789978364928,48,0.000000,0.000000,86.400002,-2.400000,1,22.500000,0,0,0,0,0,0,0,0,0,0,0.000000,0.000000,0.000000,0.000000,0.000000,0,0,0
1604546789978836992,49,0.000000,0.000000,73.800003,10.400000,1,18.500000,0,0,0,0,0,0,0,0,0,0,0.000000,0.000000,0.000000,0.000000,0.000000,0,0,0
1604546789979314944,50,0.000000,0.000000,236.800003,-12.600000,1,3.000000,0,0,0,0,0,0,0,0,0,0,0.000000,0.000000,0.000000,0.000000,0.000000,0,0,0
1604546789979768064,51,0.000000,0.000000,182.800003,16.600000,1,24.000000,0,0,0,0,0,0,0,0,0,0,0.000000,0.000000,0.000000,0.000000,0.000000,0,0,0
1604546789980235008,52,0.000000,0.000000,236.199997,-17.600000,1,3.500000,0,0,0,0,0,0,0,0,0,0,0.000000,0.000000,0.000000,0.000000,0.000000,0,0,0
1604546789980709120,53,0.000000,-0.250000,133.399994,-2.000000,1,1.000000,0,0,0,0,0,0,0,0,0,0,0.000000,0.000000,0.000000,0.000000,0.000000,0,0,0
1604546789981178880,54,0.000000,0.000000,93.400002,14.000000,1,22.000000,0,0,0,0,0,0,0,0,0,0,0.000000,0.000000,0.000000,0.000000,0.000000,0,0,0
1604546789981648896,55,0.000000,0.000000,213.600006,-0.600000,1,18.000000,0,0,0,0,0,0,0,0,0,0,0.000000,0.000000,0.000000,0.000000,0.000000,0,0,0
1604546789982116096,56,0.000000,0.000000,40.400002,21.600000,1,28.500000,0,0,0,0,0,0,0,0,0,0,0.000000,0.000000,0.000000,0.000000,0.000000,0,0,0
1604546789982584064,57,0.000000,0.000000,90.599998,13.200000,1,5.500000,0,0,0,0,0,0,0,0,0,0,0.000000,0.000000,0.000000,0.000000,0.000000,0,0,0
1604546789983047936,58,0.000000,0.000000,119.800003,-2.400000,1,15.000000,0,0,0,0,0,0,0,0,0,0,0.000000,0.000000,0.000000,0.000000,0.000000,0,0,0
1604546789983506944,59,0.000000,0.000000,38.400002,18.799999,1,15.000000,0,0,0,0,0,0,0,0,0,0,0.000000,0.000000,0.000000,0.000000,0.000000,0,0,0
1604546789983971072,60,0.000000,0.000000,79.199997,37.799999,1,18.500000,0,0,0,0,0,0,0,0,0,0,0.000000,0.000000,0.000000,0.000000,0.000000,0,0,0
1604546789984463872,61,0.000000,0.000000,4.800000,-4.600000,1,-6.000000,0,0,0,0,0,0,0,0,0,0,0.000000,0.000000,0.000000,0.000000,0.000000,0,0,0
1604546789984939008,62,0.000000,0.500000,47.799999,-54.200001,1,26.000000,0,0,0,0,0,0,0,0,0,0,0.000000,0.000000,0.000000,0.000000,0.000000,0,0,0
1604546789985379072,63,0.000000,0.000000,13.200000,-4.600000,1,4.500000,0,0,0,0,0,0,0,0,0,0,0.000000,0.000000,0.000000,0.000000,0.000000,0,0,0
1604546789985840896,64,0.000000,-0.250000,220.600006,1.200000,1,21.500000,0,0,0,0,0,0,0,0,0,0,0.000000,0.000000,0.000000,0.000000,0.000000,0,0,0
1604546789986305024,65,0.000000,0.000000,151.399994,-2.000000,1,13.000000,0,0,0,0,0,0,0,0,0,0,0.000000,0.000000,0.000000,0.000000,0.000000,0,0,0
1604546789986760960,66,0.000000,0.250000,134.000000,16.799999,1,0.500000,0,0,0,0,0,0,0,0,0,0,0.000000,0.000000,0.000000,0.000000,0.000000,0,0,0
1604546789987225088,67,0.000000,0.000000,49.000000,-3.800000,1,10.000000,0,0,0,0,0,0,0,0,0,0,0.000000,0.000000,0.000000,0.000000,0.000000,0,0,0
1604546789987691008,68,0.000000,0.000000,35.799999,22.400000,1,15.000000,0,0,0,0,0,0,0,0,0,0,0.000000,0.000000,0.000000,0.000000,0.000000,0,0,0
1604546789988157952,69,0.000000,0.000000,76.000000,13.000000,1,9.500000,0,0,0,0,0,0,0,0,0,0,0.000000,0.000000,0.000000,0.000000,0.000000,0,0,0
1604546789988624896,70,0.000000,0.000000,71.800003,-3.200000,1,11.000000,0,0,0,0,0,0,0,0,0,0,0.000000,0.000000,0.000000,0.000000,0.000000,0,0,0
1604546789989078016,71,0.000000,0.000000,52.799999,-3.200000,1,12.500000,0,0,0,0,0,0,0,0,0,0,0.000000,0.000000,0.000000,0.000000,0.000000,0,0,0
1604546789989528064,72,0.000000,0.000000,191.199997,0.200000,1,16.500000,0,0,0,0,0,0,0,0,0,0,0.000000,0.000000,0.000000,0.000000,0.000000,0,0,0
1604546789989977088,73,0.000000,0.000000,16.000000,12.400000,1,6.500000,0,0,0,0,0,0,0,0,0,0,0.000000,0.000000,0.000000,0.000000,0.000000,0,0,0
1604546789990425088,74,0.000000,-0.250000,43.000000,22.200001,1,14.000000,0,0,0,0,0,0,0,0,0,0,0.000000,0.000000,0.000000,0.000000,0.000000,0,0,0
1604546789990874880,75,0.000000,0.000000,93.000000,-1.000000,1,6.500000,0,0,0,0,0,0,0,0,0,0,0.000000,0.000000,0.000000,0.000000,0.000000,0,0,0
1604546789991320064,76,0.000000,0.750000,82.599998,-1.800000,1,9.000000,0,0,0,0,0,0,0,0,0,0,0.000000,0.000000,0.000000,0.000000,0.000000,0,0,0
1604546789991761920,77,0.000000,0.000000,83.599998,13.800000,1,17.000000,0,0,0,0,0,0,0,0,0,0,0.000000,0.000000,0.000000,0.000000,0.000000,0,0,0
1604546789992222976,78,0.000000,-0.250000,108.800003,-1.800000,1,1.000000,0,0,0,0,0,0,0,0,0,0,0.000000,0.000000,0.000000,0.000000,0.000000,0,0,0
1604546789992676096,82,0.000000,0.000000,58.599998,-3.200000,1,13.500000,0,0,0,0,0,0,0,0,0,0,0.000000,0.000000,0.000000,0.000000,0.000000,0,0,0
1604546789993125888,84,0.000000,0.000000,27.600000,-12.400000,1,0.500000,0,0,0,0,0,0,0,0,0,0,0.000000,0.000000,0.000000,0.000000,0.000000,0,0,0
1604546789993564928,86,0.000000,0.000000,21.200001,14.200000,1,7.500000,0,0,0,0,0,0,0,0,0,0,0.000000,0.000000,0.000000,0.000000,0.000000,0,0,0
1604546789994013952,88,0.000000,0.000000,37.400002,-12.800000,1,10.500000,0,0,0,0,0,0,0,0,0,0,0.000000,0.000000,0.000000,0.000000,0.000000,0,0,0
